time,robot_x,robot_y,robot_theta,human_x,human_y,human_theta,target_x,target_y,target_theta,leg_l,leg_r,human_moving,human_sitting,human_detected
1768496937.179,1.62,5.96,0.56,0.00,0.00,0.00,0.00,0.00,0.00,72.42,72.60,0,0,1
1768496937.679,1.62,5.96,0.56,0.00,0.00,0.00,0.00,0.00,0.00,72.42,72.60,0,0,1
1768496938.179,1.62,5.96,0.56,0.00,0.00,0.00,0.00,0.00,0.00,72.51,72.60,0,1,1
1768496938.679,1.62,5.96,0.56,0.00,0.00,0.00,0.00,0.00,0.00,72.42,72.60,0,1,1
1768496939.179,1.62,5.96,0.56,0.00,0.00,0.00,0.00,0.00,0.00,72.42,72.60,0,1,1
1768496939.679,1.62,5.96,0.56,0.00,0.00,0.00,0.00,0.00,0.00,72.42,72.60,0,1,1
1768496940.179,1.62,5.96,0.56,0.00,0.00,0.00,0.00,0.00,0.00,72.42,72.60,0,1,1
1768496940.679,1.62,5.96,0.56,0.00,0.00,0.00,0.00,0.00,0.00,72.42,72.60,0,1,1
1768496941.179,1.62,5.96,0.56,0.00,0.00,0.00,0.00,0.00,0.00,72.42,72.60,0,1,1
1768496941.679,1.62,5.96,0.56,0.00,0.00,0.00,0.00,0.00,0.00,72.33,72.60,0,1,1
1768496942.179,1.62,5.96,0.56,0.00,0.00,0.00,0.00,0.00,0.00,72.42,72.60,0,1,1
1768496942.679,1.62,5.96,0.56,0.00,0.00,0.00,0.00,0.00,0.00,72.42,72.60,0,1,1
1768496943.179,1.61,5.96,0.56,0.00,0.00,0.00,0.00,0.00,0.00,72.42,72.60,0,1,1
1768496943.679,1.62,5.96,0.56,0.00,0.00,0.00,0.00,0.00,0.00,72.42,72.60,0,1,0
1768496944.179,1.62,5.96,0.56,0.00,0.00,0.00,0.00,0.00,0.00,72.42,72.60,0,1,0
1768496944.679,1.62,5.96,0.56,0.00,0.00,0.00,0.00,0.00,0.00,72.42,72.60,0,1,0
1768496945.179,1.62,5.96,0.56,0.00,0.00,0.00,0.00,0.00,0.00,72.42,72.60,0,1,0
1768496945.679,1.62,5.96,0.56,0.00,0.00,0.00,0.00,0.00,0.00,72.42,72.60,0,1,0
1768496946.179,1.62,5.96,0.56,0.00,0.00,0.00,0.00,0.00,0.00,72.42,72.60,0,1,0
1768496946.679,1.62,5.96,0.56,0.00,0.00,0.00,0.00,0.00,0.00,72.42,72.60,0,1,0
1768496947.179,1.62,5.96,0.56,0.00,0.00,0.00,0.00,0.00,0.00,72.42,72.60,0,1,0
1768496947.679,1.62,5.96,0.56,0.00,0.00,0.00,0.00,0.00,0.00,72.42,72.60,0,1,0
1768496948.179,1.62,5.96,0.56,0.00,0.00,0.00,0.00,0.00,0.00,72.42,72.60,0,1,0
1768496948.679,1.62,5.96,0.56,0.00,0.00,0.00,0.00,0.00,0.00,72.42,72.60,0,1,0
1768496949.179,1.62,5.96,0.55,0.00,0.00,0.00,0.00,0.00,0.00,72.42,72.60,0,1,0
1768496949.679,1.62,5.96,0.56,0.00,0.00,0.00,0.00,0.00,0.00,72.42,72.60,0,1,0
1768496950.179,1.61,5.96,0.56,0.00,0.00,0.00,0.00,0.00,0.00,72.42,72.60,0,1,0
1768496950.679,1.62,5.96,0.56,0.00,0.00,0.00,0.00,0.00,0.00,72.42,72.60,0,1,0
1768496951.179,1.62,5.96,0.56,4.73,10.07,0.92,0.00,0.00,0.00,72.42,72.60,1,1,1
1768496951.679,1.62,5.96,0.56,4.73,10.07,0.92,0.00,0.00,0.00,72.42,72.60,1,1,0
1768496952.179,1.62,5.96,0.56,2.93,6.60,0.45,0.00,0.00,0.00,72.42,72.60,1,1,1
1768496952.679,1.62,5.96,0.56,2.93,6.60,0.45,0.00,0.00,0.00,72.42,72.60,0,1,1
1768496953.181,1.62,5.96,0.56,3.70,6.52,0.26,3.93,5.65,1.05,72.42,72.60,1,1,1
1768496953.679,1.62,5.96,0.56,4.29,6.50,0.20,3.93,5.65,1.05,72.42,72.60,1,1,1
1768496954.179,1.62,5.96,0.55,4.29,6.50,0.20,3.93,5.65,1.05,72.42,72.60,1,1,0
1768496954.679,1.62,5.96,0.56,4.29,6.50,0.20,3.93,5.65,1.05,72.51,72.51,1,1,0
1768496955.179,1.63,5.95,0.28,4.46,6.62,0.23,3.93,5.65,1.05,72.42,72.51,1,1,1
1768496955.679,1.61,5.96,0.15,4.50,6.34,0.13,3.93,5.65,1.05,72.33,72.60,1,1,1
1768496956.179,1.61,5.96,0.02,4.49,6.40,0.15,3.93,5.65,1.05,72.25,72.60,0,1,1
1768496956.679,1.62,5.96,-0.04,4.48,6.19,0.08,3.93,5.65,1.05,72.33,72.60,1,1,1
1768496957.179,1.64,5.96,-0.09,4.48,6.16,0.07,3.93,5.65,1.05,72.69,72.42,0,1,1
1768496957.679,1.67,5.96,-0.11,4.47,6.20,0.09,3.93,5.65,1.05,72.69,72.51,0,1,1
1768496958.179,1.74,5.95,-0.12,4.48,6.42,0.17,3.93,5.65,1.05,72.51,72.60,1,1,1
1768496958.679,1.80,5.95,-0.13,4.50,6.39,0.16,3.93,5.65,1.05,72.42,72.69,0,1,1
1768496959.179,1.92,5.93,-0.13,4.46,6.19,0.10,3.93,5.65,1.05,72.42,72.60,1,1,1
1768496959.679,2.03,5.91,-0.14,4.39,6.13,0.09,4.47,5.23,0.87,72.42,72.60,0,1,1
1768496960.179,2.21,5.89,-0.14,4.36,6.12,0.11,4.47,5.23,0.87,72.42,72.51,0,1,1
1768496960.679,2.35,5.87,-0.14,4.30,6.05,0.09,4.47,5.23,0.87,72.51,72.60,0,1,1
1768496961.179,2.37,5.87,-0.15,4.38,6.05,0.09,4.47,5.23,0.87,72.42,72.60,0,1,1
1768496961.679,2.37,5.87,-0.18,4.41,6.05,0.09,4.47,5.23,0.87,72.33,72.60,0,1,1
1768496962.179,2.38,5.87,-0.24,4.40,6.08,0.10,4.47,5.23,0.87,72.33,72.60,0,1,1
1768496962.679,2.40,5.86,-0.27,4.40,6.08,0.10,4.47,5.23,0.87,72.42,72.60,0,1,0
1768496963.179,2.45,5.85,-0.28,4.40,6.08,0.10,4.47,5.23,0.87,72.33,72.60,0,1,0
1768496963.679,2.50,5.84,-0.29,4.40,6.08,0.10,4.47,5.23,0.87,72.33,72.60,0,1,0
1768496964.179,2.60,5.81,-0.30,4.40,6.08,0.10,4.47,5.23,0.87,72.33,72.60,0,1,0
1768496964.680,2.68,5.78,-0.30,4.40,6.08,0.10,4.47,5.23,0.87,72.42,72.60,0,1,0
1768496965.179,2.84,5.74,-0.30,4.40,6.08,0.10,4.47,5.23,0.87,72.42,72.60,0,1,0
1768496965.679,2.97,5.69,-0.30,4.40,6.08,0.10,4.47,5.23,0.87,72.33,72.60,0,1,0
1768496966.179,3.19,5.63,-0.30,4.40,6.08,0.10,4.47,5.23,0.87,72.33,72.60,0,1,0
1768496966.679,3.32,5.59,-0.30,4.40,6.08,0.10,4.47,5.23,0.87,72.33,72.60,0,1,0
1768496967.179,3.48,5.54,-0.30,4.40,6.08,0.10,4.47,5.23,0.87,72.33,72.60,0,1,0
1768496967.679,3.56,5.52,-0.30,4.40,6.08,0.10,4.47,5.23,0.87,72.33,72.60,0,1,0
1768496968.179,3.70,5.48,-0.30,4.40,6.08,0.10,4.47,5.23,0.87,72.33,72.60,0,1,0
1768496968.679,3.78,5.45,-0.30,4.40,6.08,0.10,4.47,5.23,0.87,72.33,72.60,0,1,0
1768496969.180,3.91,5.41,-0.31,4.40,6.08,0.10,4.47,5.23,0.87,72.25,72.60,0,1,0
1768496969.679,4.03,5.38,-0.30,4.40,6.08,0.10,4.47,5.23,0.87,72.25,72.69,0,1,0
1768496970.179,4.11,5.36,-0.31,4.40,6.08,0.10,4.47,5.23,0.87,72.16,72.60,0,1,0
1768496970.679,4.17,5.34,-0.31,4.40,6.08,0.10,4.47,5.23,0.87,72.42,72.60,0,1,0
1768496971.179,4.29,5.30,-0.31,4.40,6.08,0.10,4.47,5.23,0.87,72.51,72.51,0,1,0
1768496971.679,4.36,5.28,-0.31,4.40,6.08,0.10,4.47,5.23,0.87,72.51,72.60,0,1,0
1768496972.179,4.42,5.26,-0.30,4.40,6.08,0.10,4.47,5.23,0.87,72.51,72.60,0,1,0
1768496972.679,4.43,5.25,-0.31,4.40,6.08,0.10,4.47,5.23,0.87,72.51,72.60,0,1,0
1768496973.179,4.43,5.27,0.01,4.40,6.08,0.10,4.47,5.23,0.87,72.51,72.69,0,1,0
1768496973.679,4.43,5.26,0.20,4.40,6.08,0.10,4.47,5.23,0.87,72.33,72.69,0,1,0
1768496974.179,4.43,5.26,0.53,4.40,6.08,0.10,4.47,5.23,0.87,72.42,72.69,0,1,0
1768496974.679,4.43,5.26,0.65,4.40,6.08,0.10,4.47,5.23,0.87,72.51,72.60,0,1,0
1768496975.179,4.43,5.26,0.75,4.40,6.08,0.10,4.47,5.23,0.87,72.51,72.60,0,1,0
1768496975.679,4.43,5.26,0.79,4.40,6.08,0.10,4.47,5.23,0.87,72.51,72.69,0,1,0
1768496976.179,4.43,5.26,0.79,4.40,6.08,0.10,4.47,5.23,0.87,72.51,72.60,0,1,0
1768496976.679,4.43,5.26,0.79,4.40,6.08,0.10,4.47,5.23,0.87,72.51,72.69,0,1,0
1768496977.179,4.43,5.26,0.79,4.40,6.08,0.10,4.47,5.23,0.87,72.51,72.60,0,1,0
1768496977.679,4.43,5.26,0.79,4.40,6.08,0.10,4.47,5.23,0.87,72.51,72.69,0,1,0
1768496978.179,4.43,5.26,0.79,4.40,6.08,0.10,4.47,5.23,0.87,72.42,72.60,0,1,0
1768496978.679,4.43,5.26,0.79,8.47,7.81,0.56,4.47,5.23,0.87,72.33,72.60,1,1,1
1768496979.179,4.43,5.26,0.79,8.47,7.81,0.56,4.47,5.23,0.87,72.51,72.60,1,1,0
1768496979.679,4.43,5.26,0.79,8.47,7.81,0.56,4.47,5.23,0.87,72.51,72.60,1,1,0
1768496980.179,4.43,5.26,0.79,8.47,7.81,0.56,4.47,5.23,0.87,72.60,72.60,1,1,0
1768496980.680,4.43,5.26,0.79,8.47,7.81,0.56,4.47,5.23,0.87,72.69,72.60,1,1,0
1768496981.179,4.43,5.26,0.79,8.47,7.81,0.56,4.47,5.23,0.87,72.69,72.60,1,1,0
1768496981.679,4.43,5.26,0.79,8.47,7.81,0.56,4.47,5.23,0.87,72.60,72.60,1,1,0
1768496982.179,4.43,5.26,0.79,8.47,7.81,0.56,4.47,5.23,0.87,72.60,72.60,1,1,0
1768496982.679,4.43,5.26,0.79,8.47,7.81,0.56,4.47,5.23,0.87,72.51,72.60,1,1,0
1768496983.179,4.43,5.26,0.79,8.47,7.81,0.56,4.47,5.23,0.87,72.51,72.60,1,1,0
1768496983.679,4.43,5.26,0.79,8.47,7.81,0.56,4.47,5.23,0.87,72.51,72.60,1,1,0
1768496984.179,4.43,5.26,0.79,8.47,7.81,0.56,4.47,5.23,0.87,72.51,72.60,1,1,0
1768496984.679,4.43,5.26,0.79,8.47,7.81,0.56,4.47,5.23,0.87,72.42,72.60,1,1,0
1768496985.179,4.43,5.26,0.79,5.19,5.65,0.47,4.47,5.23,0.87,72.42,72.60,1,1,1
1768496985.679,4.43,5.26,0.79,4.70,5.68,1.01,4.47,5.23,0.87,72.42,72.60,1,1,1
1768496986.179,4.43,5.26,0.79,4.89,5.81,0.87,4.47,5.23,0.87,72.42,72.60,1,1,1
1768496986.679,4.44,5.26,0.78,4.67,5.67,1.05,4.47,5.23,0.87,72.51,72.60,1,1,1
1768496987.179,4.46,5.29,0.59,4.87,5.82,0.91,5.58,5.27,1.70,72.42,72.60,1,1,1
1768496987.679,4.49,5.30,0.46,8.42,8.52,0.69,5.58,5.27,1.70,72.42,72.69,1,1,1
1768496988.179,4.56,5.32,0.12,8.26,6.86,0.40,5.58,5.27,1.70,72.42,72.69,1,1,1
1768496988.679,4.63,5.32,-0.20,6.60,5.62,0.15,5.58,5.27,1.70,72.42,72.69,1,1,1
1768496989.179,4.71,5.30,-0.50,6.71,5.03,-0.13,5.58,5.27,1.70,72.42,72.69,1,1,1
1768496989.679,4.73,5.29,-0.58,6.71,5.03,-0.13,5.58,5.27,1.70,72.33,72.69,1,1,0
1768496990.179,4.72,5.29,-0.57,6.71,5.03,-0.13,5.58,5.27,1.70,21.97,30.76,1,1,0
1768496990.680,4.73,5.29,-0.59,6.71,5.03,-0.13,5.58,5.27,1.70,6.15,12.39,1,0,0
1768496991.179,4.73,5.29,-0.68,6.71,5.03,-0.13,5.58,5.27,1.70,3.08,15.73,1,0,0
1768496991.679,4.73,5.29,-0.79,6.71,5.03,-0.13,5.58,5.27,1.70,11.95,5.89,1,0,0
1768496992.179,4.75,5.26,-1.09,5.12,2.35,-1.45,5.58,5.27,1.70,11.69,18.11,1,0,1
1768496992.680,4.76,5.25,-1.21,5.12,2.35,-1.45,5.58,5.27,1.70,41.40,48.60,1,0,0
1768496993.180,4.77,5.24,-1.22,5.16,2.18,-1.44,5.58,5.27,1.70,71.46,72.51,1,0,1
1768496993.679,4.77,5.25,-1.22,5.16,2.18,-1.44,5.58,5.27,1.70,71.81,72.60,1,1,0
1768496994.179,4.76,5.25,-1.22,5.16,2.18,-1.44,5.58,5.27,1.70,72.33,72.86,1,1,0
1768496994.679,4.76,5.25,-1.22,5.19,2.14,-1.43,5.58,5.27,1.70,72.51,72.86,0,1,1
1768496995.179,4.76,5.25,-1.22,5.20,2.14,-1.43,5.58,5.27,1.70,72.51,72.77,0,1,1
1768496995.679,4.76,5.25,-1.22,5.18,2.16,-1.44,5.58,5.27,1.70,72.51,72.86,0,1,1
1768496996.179,4.76,5.25,-1.22,5.20,2.14,-1.43,5.58,5.27,1.70,72.42,72.86,0,1,1
1768496996.679,4.76,5.25,-1.22,5.17,2.18,-1.44,4.28,2.07,-0.65,72.51,72.86,0,1,1
1768496997.180,4.76,5.25,-1.22,5.20,2.16,-1.43,4.28,2.07,-0.65,72.60,72.86,0,1,1
1768496997.679,4.76,5.25,-1.22,5.18,2.18,-1.44,4.28,2.07,-0.65,72.60,72.86,0,1,1
1768496998.179,4.76,5.25,-1.22,6.48,1.20,-1.17,4.28,2.07,-0.65,72.60,72.86,1,1,1
1768496998.679,4.75,5.25,-1.50,5.16,2.24,-1.44,4.28,2.07,-0.65,72.51,72.86,1,1,1
1768496999.179,4.76,5.25,-1.62,5.14,2.36,-1.44,4.28,2.07,-0.65,72.51,72.86,1,1,1
1768496999.679,4.76,5.25,-1.64,5.09,2.38,-1.46,4.28,2.07,-0.65,72.51,72.86,0,1,1
1768497000.179,4.76,5.23,-1.71,4.83,2.21,-1.54,4.28,2.07,-0.65,72.51,72.86,1,1,1
1768497000.679,4.75,5.20,-1.73,4.78,2.20,-1.56,4.28,2.07,-0.65,72.51,72.86,0,1,1
1768497001.179,4.74,5.14,-1.74,4.82,2.20,-1.54,4.28,2.07,-0.65,72.51,72.86,0,1,1
1768497001.679,4.73,5.08,-1.75,5.12,2.34,-1.43,4.28,2.07,-0.65,72.51,72.86,1,1,1
1768497002.179,4.71,4.96,-1.75,4.89,2.38,-1.50,4.28,2.07,-0.65,72.51,72.86,1,1,1
1768497002.679,4.70,4.86,-1.76,5.09,2.37,-1.41,4.28,2.07,-0.65,72.51,72.86,1,1,1
1768497003.179,4.67,4.70,-1.76,4.89,2.41,-1.47,4.28,2.07,-0.65,72.51,72.86,1,1,1
1768497003.679,4.65,4.57,-1.77,4.89,2.37,-1.46,4.28,2.07,-0.65,72.51,72.86,0,1,1
1768497004.179,4.61,4.36,-1.77,4.90,2.38,-1.42,4.28,2.07,-0.65,72.51,72.86,0,1,1
1768497004.679,4.58,4.19,-1.76,4.81,2.26,-1.45,4.28,2.07,-0.65,72.51,72.86,1,1,1
1768497005.179,4.54,3.95,-1.77,4.81,2.26,-1.45,4.28,2.07,-0.65,72.51,72.86,1,1,0
1768497005.679,4.51,3.81,-1.78,4.81,2.26,-1.45,4.28,2.07,-0.65,72.51,72.86,1,1,0
1768497006.179,4.47,3.60,-1.77,4.81,2.26,-1.45,4.28,2.07,-0.65,72.51,72.86,1,1,0
1768497006.679,4.45,3.46,-1.78,4.81,2.26,-1.45,4.28,2.07,-0.65,72.51,72.86,1,1,0
1768497007.180,4.41,3.29,-1.78,4.81,2.26,-1.45,4.28,2.07,-0.65,72.51,72.86,1,1,0
1768497007.679,4.39,3.14,-1.77,4.81,2.26,-1.45,4.28,2.07,-0.65,72.51,72.86,1,1,0
1768497008.179,4.37,3.04,-1.78,4.81,2.26,-1.45,4.28,2.07,-0.65,72.51,72.77,1,1,0
1768497008.679,4.35,2.96,-1.77,4.81,2.26,-1.45,4.28,2.07,-0.65,72.51,72.86,1,1,0
1768497009.179,4.33,2.85,-1.78,4.81,2.26,-1.45,4.28,2.07,-0.65,72.51,72.86,1,1,0
1768497009.679,4.31,2.76,-1.78,4.81,2.26,-1.45,4.28,2.07,-0.65,72.51,72.86,1,1,0
1768497010.179,4.28,2.64,-1.77,4.81,2.26,-1.45,4.28,2.07,-0.65,72.51,72.86,1,1,0
1768497010.679,4.27,2.56,-1.77,4.81,2.26,-1.45,4.28,2.07,-0.65,72.51,72.86,1,1,0
1768497011.179,4.25,2.44,-1.69,4.81,2.26,-1.45,4.28,2.07,-0.65,72.51,72.86,1,1,0
1768497011.679,4.25,2.38,-1.62,4.81,2.26,-1.45,4.28,2.07,-0.65,72.51,72.86,1,1,0
1768497012.179,4.25,2.31,-1.48,4.81,2.26,-1.45,4.28,2.07,-0.65,72.51,72.86,1,1,0
1768497012.679,4.26,2.24,-1.38,4.81,2.26,-1.45,4.28,2.07,-0.65,72.51,72.86,1,1,0
1768497013.179,4.28,2.17,-1.22,4.81,2.26,-1.45,4.28,2.07,-0.65,72.51,72.86,1,1,0
1768497013.679,4.29,2.14,-1.17,4.81,2.26,-1.45,4.28,2.07,-0.65,72.51,72.77,1,1,0
1768497014.179,4.30,2.12,-1.12,4.81,2.26,-1.45,4.28,2.07,-0.65,72.51,72.86,1,1,0
1768497014.679,4.31,2.10,-1.10,4.81,2.26,-1.45,4.28,2.07,-0.65,72.51,72.86,1,1,0
1768497015.179,4.31,2.10,-1.04,4.81,2.26,-1.45,4.28,2.07,-0.65,72.51,72.86,1,1,0
1768497015.679,4.31,2.10,-0.86,4.81,2.26,-1.45,4.28,2.07,-0.65,72.51,72.86,1,1,0
1768497016.179,4.31,2.10,-0.77,4.81,2.26,-1.45,4.28,2.07,-0.65,72.51,72.86,1,1,0
1768497016.679,4.31,2.10,-0.76,4.81,2.26,-1.45,4.28,2.07,-0.65,72.51,72.86,1,1,0
1768497017.179,4.31,2.10,-0.76,4.81,2.26,-1.45,4.28,2.07,-0.65,72.51,72.86,1,1,0
1768497017.679,4.31,2.10,-0.76,4.81,2.26,-1.45,4.28,2.07,-0.65,72.51,72.86,1,1,0
1768497018.179,4.31,2.10,-0.77,4.81,2.26,-1.45,4.28,2.07,-0.65,72.51,72.86,1,1,0
1768497018.679,4.31,2.10,-0.76,4.81,2.26,-1.45,4.28,2.07,-0.65,72.51,72.86,1,1,0
1768497019.179,4.31,2.10,-0.77,4.81,2.26,-1.45,4.28,2.07,-0.65,72.51,72.86,1,1,0
1768497019.679,4.31,2.10,-0.77,4.81,2.26,-1.45,4.28,2.07,-0.65,72.51,72.77,1,1,0
1768497020.179,4.31,2.10,-0.77,4.81,2.26,-1.45,4.28,2.07,-0.65,72.42,72.86,1,1,0
1768497020.679,4.31,2.10,-0.76,4.81,2.26,-1.45,4.28,2.07,-0.65,72.33,72.86,1,1,0
1768497021.179,4.31,2.10,-0.78,4.81,2.26,-1.45,4.28,2.07,-0.65,72.42,72.95,1,1,0
1768497021.679,4.31,2.10,-0.77,4.81,2.26,-1.45,4.28,2.07,-0.65,43.68,42.98,1,1,0
1768497022.179,4.31,2.10,-0.77,4.81,2.26,-1.45,4.28,2.07,-0.65,18.02,9.14,1,0,0
1768497022.679,4.31,2.10,-0.77,4.81,2.26,-1.45,4.28,2.07,-0.65,1.05,9.84,1,0,0
1768497023.179,4.31,2.10,-0.78,4.81,2.26,-1.45,4.28,2.07,-0.65,10.63,6.33,1,0,0
1768497023.679,4.31,2.10,-0.78,4.81,2.26,-1.45,4.28,2.07,-0.65,8.09,12.22,1,0,0
1768497024.179,4.30,2.10,-0.84,4.81,2.26,-1.45,4.28,2.07,-0.65,12.22,0.70,1,0,0
1768497024.679,4.30,2.11,-0.99,4.81,2.26,-1.45,4.28,2.07,-0.65,0.44,9.05,1,0,0
1768497025.179,4.30,2.11,-1.06,4.81,2.26,-1.45,4.28,2.07,-0.65,0.53,24.79,1,0,0
1768497025.679,4.30,2.11,-1.06,4.81,2.26,-1.45,4.28,2.07,-0.65,5.19,6.24,1,0,0
1768497026.179,4.29,2.12,-1.12,4.81,2.26,-1.45,4.28,2.07,-0.65,0.62,4.22,1,0,0
1768497026.679,4.29,2.13,-1.22,4.81,2.26,-1.45,4.28,2.07,-0.65,0.79,18.11,1,0,0
1768497027.179,4.28,2.17,-1.59,4.81,2.26,-1.45,4.28,2.07,-0.65,4.22,0.35,1,0,0
1768497027.679,4.29,2.19,-1.84,4.81,2.26,-1.45,4.28,2.07,-0.65,0.26,9.84,1,0,0
1768497028.179,4.32,2.26,-2.20,4.81,2.26,-1.45,4.28,2.07,-0.65,2.64,40.87,1,0,0
1768497028.679,4.36,2.30,-2.50,4.81,2.26,-1.45,4.28,2.07,-0.65,18.54,2.29,1,0,0
1768497029.179,4.43,2.33,-2.94,4.81,2.26,-1.45,4.28,2.07,-0.65,8.61,34.37,1,0,0
1768497029.679,4.46,2.33,-3.10,3.04,2.35,3.13,4.46,2.33,3.13,8.70,7.73,1,0,1
1768497030.179,4.47,2.34,-3.10,2.94,2.32,-3.13,4.46,2.33,3.13,10.99,7.65,0,0,1
1768497030.679,4.47,2.34,-3.10,2.62,2.18,-3.06,4.46,2.33,3.13,3.60,48.96,1,0,1
1768497031.179,4.47,2.34,-3.10,1.96,1.93,-2.98,4.46,2.33,3.13,4.83,7.65,1,0,1
1768497031.679,4.47,2.34,-3.10,1.57,2.10,-3.06,4.46,2.33,3.13,0.53,19.42,1,0,1
1768497032.179,4.47,2.34,-3.10,1.42,2.05,-3.05,4.46,2.33,3.13,10.11,0.26,1,0,1
1768497032.679,4.47,2.34,-3.10,1.04,2.08,-3.07,4.46,2.33,3.13,22.59,3.69,1,0,1
1768497033.179,4.47,2.34,-3.10,0.96,1.93,-3.02,4.46,2.33,3.13,3.87,26.81,1,0,1
1768497033.679,4.47,2.34,-3.10,0.52,2.12,-3.09,4.46,2.33,3.13,6.68,4.13,1,0,1
1768497034.179,4.47,2.34,-3.10,0.25,2.10,-3.09,4.46,2.33,3.13,2.20,11.69,1,0,1
1768497034.679,4.47,2.34,-3.10,0.17,2.16,-3.10,4.46,2.33,3.13,49.75,55.46,0,0,1
1768497035.179,4.47,2.34,-3.10,0.10,2.19,-3.11,0.07,3.09,-3.11,71.54,72.33,0,0,1
1768497035.679,4.47,2.34,-3.10,0.05,2.22,-3.11,0.07,3.09,-3.11,71.98,72.69,0,1,1
1768497036.179,4.47,2.34,-3.10,0.04,2.22,-3.11,0.07,3.09,-3.11,72.51,72.69,0,1,1
1768497036.679,4.47,2.34,-3.10,0.12,1.89,-3.04,0.07,3.09,-3.11,72.60,72.69,1,1,1
1768497037.179,4.47,2.34,3.09,0.07,2.17,-3.10,0.07,3.09,-3.11,72.60,72.77,1,1,1
1768497037.679,4.47,2.34,3.05,0.07,2.18,-3.10,0.07,3.09,-3.11,72.69,72.69,0,1,1
1768497038.179,4.44,2.34,3.00,0.10,2.18,-3.10,0.07,3.09,-3.11,72.86,72.69,0,1,1
1768497038.679,4.41,2.35,2.99,0.11,2.18,-3.10,0.07,3.09,-3.11,72.86,72.69,0,1,1
1768497039.179,4.34,2.36,2.98,0.12,2.19,-3.10,0.07,3.09,-3.11,72.86,72.69,0,1,1
1768497039.679,4.29,2.37,2.98,0.11,2.21,-3.10,0.07,3.09,-3.11,72.86,72.69,0,1,1
1768497040.179,4.16,2.39,2.97,0.10,2.14,-3.08,0.07,3.09,-3.11,72.86,72.69,0,1,1
1768497040.679,4.06,2.40,2.97,0.14,2.13,-3.07,0.08,3.03,-2.29,72.69,72.69,0,1,1
1768497041.179,3.87,2.43,2.97,0.12,2.16,-3.07,0.08,3.03,-2.29,72.69,72.69,0,1,1
1768497041.679,3.74,2.45,2.97,0.32,1.89,-2.98,0.08,3.03,-2.29,72.69,72.69,1,1,1
1768497042.179,3.73,2.45,2.96,0.25,1.92,-2.99,0.08,3.03,-2.29,72.77,72.69,0,1,1
1768497042.679,3.73,2.45,2.96,0.28,1.91,-2.98,0.08,3.03,-2.29,72.77,72.69,0,1,1
1768497043.179,3.72,2.46,2.98,0.13,2.18,-3.07,0.08,3.03,-2.29,72.77,72.69,1,1,1
1768497043.679,3.69,2.46,2.99,0.26,1.92,-2.98,0.08,3.03,-2.29,72.77,72.69,1,1,1
1768497044.179,3.64,2.47,2.99,0.28,1.94,-2.99,0.08,3.03,-2.29,72.77,72.69,0,1,1
1768497044.679,3.59,2.48,2.98,0.18,1.86,-2.96,0.08,3.03,-2.29,72.77,72.69,1,1,1
1768497045.180,3.49,2.49,2.98,0.17,1.90,-2.97,0.08,3.03,-2.29,72.77,72.69,0,1,1
1768497045.679,3.40,2.50,2.99,0.16,1.90,-2.96,0.08,3.03,-2.29,72.77,72.69,0,1,1
1768497046.179,3.24,2.53,2.98,0.14,2.19,-3.03,0.08,3.03,-2.29,72.77,72.69,1,1,1
1768497046.679,3.10,2.55,2.99,0.16,2.20,-3.02,0.08,3.03,-2.29,72.77,72.69,0,1,1
1768497047.179,2.89,2.58,2.98,0.13,2.21,-3.01,0.08,3.03,-2.29,72.77,72.69,0,1,1
1768497047.679,2.74,2.60,2.99,0.26,2.10,-2.94,0.08,3.03,-2.29,72.77,72.69,1,1,1
1768497048.179,2.53,2.63,2.98,0.14,2.21,-2.97,0.08,3.03,-2.29,72.77,72.69,1,1,1
1768497048.679,2.37,2.66,2.98,0.14,2.21,-2.97,0.08,3.03,-2.29,72.77,72.69,1,1,0
1768497049.180,2.14,2.69,2.97,0.14,2.21,-2.97,0.08,3.03,-2.29,72.77,72.69,1,1,0
1768497049.680,1.97,2.72,2.98,0.14,2.21,-2.97,0.08,3.03,-2.29,72.77,72.69,1,1,0
1768497050.179,1.72,2.75,2.98,0.14,2.21,-2.97,0.08,3.03,-2.29,72.77,72.69,1,1,0
1768497050.679,1.58,2.78,2.97,0.14,2.21,-2.97,0.08,3.03,-2.29,72.77,72.69,1,1,0
1768497051.179,1.37,2.81,2.97,0.14,2.21,-2.97,0.08,3.03,-2.29,72.77,72.69,1,1,0
1768497051.679,1.23,2.84,2.98,0.14,2.21,-2.97,0.08,3.03,-2.29,72.69,72.69,1,1,0
1768497052.179,1.06,2.87,2.97,0.14,2.21,-2.97,0.08,3.03,-2.29,72.69,72.69,1,1,0
1768497052.680,0.96,2.88,2.98,0.14,2.21,-2.97,0.08,3.03,-2.29,72.69,72.69,1,1,0
1768497053.180,0.81,2.90,2.98,0.14,2.21,-2.97,0.08,3.03,-2.29,72.69,72.69,1,1,0
1768497053.679,0.73,2.92,2.98,0.14,2.21,-2.97,0.08,3.03,-2.29,72.69,72.69,1,1,0
1768497054.179,0.62,2.93,2.98,0.14,2.21,-2.97,0.08,3.03,-2.29,72.69,72.69,1,1,0
1768497054.679,0.54,2.94,2.97,0.14,2.21,-2.97,0.08,3.03,-2.29,72.69,72.69,1,1,0
1768497055.179,0.42,2.96,2.97,0.14,2.21,-2.97,0.08,3.03,-2.29,72.69,72.69,1,1,0
1768497055.679,0.33,2.98,2.97,0.14,2.21,-2.97,0.08,3.03,-2.29,72.69,72.69,1,1,0
1768497056.179,0.21,3.00,2.97,0.14,2.21,-2.97,0.08,3.03,-2.29,72.69,72.69,1,1,0
1768497056.680,0.17,3.00,2.97,0.14,2.21,-2.97,0.08,3.03,-2.29,72.69,72.69,1,1,0
1768497057.179,0.13,3.01,2.97,0.14,2.21,-2.97,0.08,3.03,-2.29,72.69,72.69,1,1,0
1768497057.679,0.12,3.01,2.98,0.14,2.21,-2.97,0.08,3.03,-2.29,72.69,72.69,1,1,0
1768497058.179,0.12,3.00,-2.93,0.14,2.21,-2.97,0.08,3.03,-2.29,72.69,72.69,1,1,0
1768497058.679,0.11,2.99,-2.67,0.14,2.21,-2.97,0.08,3.03,-2.29,72.69,72.69,1,1,0
1768497059.179,0.12,3.00,-2.49,0.14,2.21,-2.97,0.08,3.03,-2.29,72.69,72.69,1,1,0
1768497059.679,0.11,3.00,-2.43,0.14,2.21,-2.97,0.08,3.03,-2.29,72.69,72.69,1,1,0
1768497060.179,0.11,3.00,-2.37,0.14,2.21,-2.97,0.08,3.03,-2.29,72.69,72.69,1,1,0
1768497060.679,0.11,3.00,-2.38,0.14,2.21,-2.97,0.08,3.03,-2.29,72.77,72.69,1,1,0
1768497061.179,0.11,3.00,-2.38,0.14,2.21,-2.97,0.08,3.03,-2.29,72.25,72.86,1,1,0
1768497061.679,0.11,3.00,-2.38,0.14,2.21,-2.97,0.08,3.03,-2.29,20.39,18.63,1,0,0
1768497062.179,0.11,3.01,-2.38,0.14,2.21,-2.97,0.08,3.03,-2.29,5.19,7.03,1,0,0
1768497062.680,0.11,3.01,-2.38,0.14,2.21,-2.97,0.08,3.03,-2.29,8.96,8.35,1,0,0
1768497063.179,0.11,3.01,-2.38,0.14,2.21,-2.97,0.08,3.03,-2.29,0.53,17.58,1,0,0
1768497063.679,0.11,3.01,-2.38,0.14,2.21,-2.97,0.08,3.03,-2.29,3.78,10.46,1,0,0
1768497064.179,0.11,3.01,-2.37,0.14,2.21,-2.97,0.08,3.03,-2.29,12.57,11.78,1,0,0
1768497064.679,0.11,3.01,-2.37,0.14,2.21,-2.97,0.08,3.03,-2.29,3.25,39.99,1,0,0
1768497065.179,0.11,3.01,-2.37,0.14,2.21,-2.97,0.08,3.03,-2.29,25.05,8.53,1,0,0
1768497065.679,0.11,3.01,-2.37,0.14,2.21,-2.97,0.08,3.03,-2.29,0.35,7.38,1,0,0
1768497066.179,0.12,3.01,-2.56,0.14,2.21,-2.97,0.08,3.03,-2.29,8.09,15.38,1,0,0
1768497066.679,0.13,3.02,-2.91,0.14,2.21,-2.97,0.08,3.03,-2.29,17.23,4.92,1,0,0
1768497067.179,0.18,3.01,2.78,0.14,2.21,-2.97,0.08,3.03,-2.29,0.44,11.95,1,0,0
1768497067.680,0.24,2.98,2.37,0.14,2.21,-2.97,0.08,3.03,-2.29,5.80,0.26,1,0,0
1768497068.179,0.27,2.92,1.85,0.14,2.21,-2.97,0.08,3.03,-2.29,2.72,7.82,1,0,0
1768497068.679,0.26,2.89,1.70,0.14,2.21,-2.97,0.08,3.03,-2.29,0.44,16.79,1,0,0
1768497069.179,0.27,2.88,1.62,0.29,5.11,1.56,0.27,3.61,1.56,10.11,5.01,1,0,1
1768497069.679,0.27,2.88,1.64,0.23,5.22,1.59,0.27,3.61,1.56,0.44,10.81,1,0,1
1768497070.180,0.27,2.87,1.64,0.08,5.46,1.65,0.27,3.61,1.56,18.46,18.11,1,0,1
1768497070.679,0.27,2.87,1.64,-0.16,5.74,1.72,0.27,3.61,1.56,7.38,0.88,1,0,1
1768497071.179,0.27,2.87,1.61,-0.25,5.88,1.74,0.27,3.61,1.56,18.28,26.54,1,0,1
1768497071.679,0.27,2.89,1.59,0.04,5.92,1.65,0.27,3.61,1.56,45.26,54.93,1,0,1
1768497072.180,0.27,2.92,1.58,-0.20,5.93,1.73,0.27,3.61,1.56,70.49,72.07,1,1,1
1768497072.679,0.27,2.95,1.57,0.02,5.81,1.66,0.27,3.61,1.56,72.16,72.33,1,1,1
1768497073.179,0.27,3.04,1.57,-0.22,5.81,1.75,0.27,3.61,1.56,72.51,72.42,1,1,1
1768497073.679,0.27,3.11,1.58,-0.23,5.95,1.74,0.27,3.61,1.56,72.86,72.33,1,1,1
1768497074.179,0.28,3.22,1.57,-0.01,5.79,1.68,0.27,3.61,1.56,72.60,72.51,1,1,1
1768497074.680,0.27,3.29,1.57,-0.00,5.81,1.68,0.89,5.91,2.47,72.60,72.51,0,1,1
1768497075.179,0.28,3.41,1.57,-0.21,5.78,1.77,0.89,5.91,2.47,72.69,72.51,1,1,1
1768497075.679,0.28,3.48,1.57,-0.22,5.83,1.78,0.89,5.91,2.47,72.51,72.60,0,1,1
1768497076.179,0.27,3.47,1.57,-0.20,5.77,1.77,0.89,5.91,2.47,72.60,72.51,0,1,1
1768497076.679,0.28,3.46,1.50,0.04,5.78,1.67,0.89,5.91,2.47,72.60,72.51,1,1,1
1768497077.179,0.27,3.48,1.42,-0.02,5.78,1.70,0.89,5.91,2.47,72.60,72.60,0,1,1
1768497077.679,0.27,3.49,1.38,0.06,5.95,1.66,0.89,5.91,2.47,72.51,72.60,1,1,1
1768497078.179,0.28,3.52,1.34,-0.01,5.78,1.70,0.89,5.91,2.47,72.60,72.60,1,1,1
1768497078.679,0.29,3.56,1.34,0.00,5.80,1.70,0.89,5.91,2.47,72.60,72.60,0,1,1
1768497079.179,0.30,3.63,1.33,0.10,5.95,1.66,0.89,5.91,2.47,72.60,72.60,1,1,1
1768497079.679,0.32,3.71,1.32,0.10,5.95,1.66,0.89,5.91,2.47,72.60,72.60,1,1,0
1768497080.179,0.36,3.85,1.32,0.10,5.95,1.66,0.89,5.91,2.47,72.60,72.60,1,1,0
1768497080.679,0.38,3.96,1.32,0.10,5.95,1.66,0.89,5.91,2.47,72.60,72.60,1,1,0
1768497081.179,0.43,4.16,1.32,0.10,5.95,1.66,0.89,5.91,2.47,72.60,72.60,1,1,0
1768497081.679,0.47,4.29,1.30,0.10,5.95,1.66,0.89,5.91,2.47,72.60,72.60,1,1,0
1768497082.179,0.52,4.49,1.31,0.10,5.95,1.66,0.89,5.91,2.47,72.60,72.60,1,1,0
1768497082.679,0.56,4.66,1.32,0.10,5.95,1.66,0.89,5.91,2.47,72.60,72.60,1,1,0
1768497083.180,0.60,4.85,1.31,0.10,5.95,1.66,0.89,5.91,2.47,72.60,72.60,1,1,0
1768497083.679,0.63,4.95,1.32,0.10,5.95,1.66,0.89,5.91,2.47,72.60,72.60,1,1,0
1768497084.179,0.66,5.09,1.31,0.10,5.95,1.66,0.89,5.91,2.47,72.60,72.60,1,1,0
1768497084.679,0.68,5.17,1.31,0.10,5.95,1.66,0.89,5.91,2.47,72.51,72.60,1,1,0
1768497085.180,0.72,5.29,1.31,0.10,5.95,1.66,0.89,5.91,2.47,72.51,72.60,1,1,0
1768497085.679,0.74,5.38,1.31,0.10,5.95,1.66,0.89,5.91,2.47,72.51,72.60,1,1,0
1768497086.179,0.77,5.50,1.31,0.10,5.95,1.66,0.89,5.91,2.47,72.51,72.60,1,1,0
1768497086.679,0.79,5.58,1.31,0.10,5.95,1.66,0.89,5.91,2.47,72.51,72.60,1,1,0
1768497087.179,0.82,5.70,1.31,0.10,5.95,1.66,0.89,5.91,2.47,72.51,72.60,1,1,0
1768497087.679,0.84,5.77,1.31,0.10,5.95,1.66,0.89,5.91,2.47,72.51,72.60,1,1,0
1768497088.179,0.86,5.83,1.31,0.10,5.95,1.66,0.89,5.91,2.47,72.51,72.60,1,1,0
1768497088.679,0.86,5.86,1.31,0.10,5.95,1.66,0.89,5.91,2.47,72.51,72.60,1,1,0
1768497089.179,0.85,5.88,1.45,0.10,5.95,1.66,0.89,5.91,2.47,72.51,72.60,1,1,0
1768497089.679,0.85,5.88,1.70,0.10,5.95,1.66,0.89,5.91,2.47,72.51,72.60,1,1,0
1768497090.179,0.86,5.88,2.07,0.10,5.95,1.66,0.89,5.91,2.47,72.51,72.60,1,1,0
1768497090.679,0.86,5.88,2.19,0.10,5.95,1.66,0.89,5.91,2.47,72.51,72.60,1,1,0
1768497091.179,0.86,5.88,2.31,0.10,5.95,1.66,0.89,5.91,2.47,72.51,72.60,1,1,0
1768497091.679,0.86,5.87,2.36,0.10,5.95,1.66,0.89,5.91,2.47,72.51,72.60,1,1,0
1768497092.179,0.86,5.87,2.37,0.10,5.95,1.66,0.89,5.91,2.47,72.51,72.60,1,1,0
1768497092.679,0.86,5.88,2.37,0.10,5.95,1.66,0.89,5.91,2.47,72.51,72.60,1,1,0
1768497093.179,0.86,5.87,2.37,0.10,5.95,1.66,0.89,5.91,2.47,72.51,72.60,1,1,0
1768497093.679,0.86,5.87,2.37,0.10,5.95,1.66,0.89,5.91,2.47,62.23,69.87,1,1,0
1768497094.179,0.86,5.87,2.37,0.10,5.95,1.66,0.89,5.91,2.47,27.77,23.47,1,1,0
1768497094.680,0.85,5.87,2.37,0.10,5.95,1.66,0.89,5.91,2.47,4.04,10.20,1,0,0
1768497095.179,0.86,5.87,2.36,0.10,5.95,1.66,0.89,5.91,2.47,14.59,12.57,1,0,0
1768497095.679,0.86,5.88,2.29,0.10,5.95,1.66,0.89,5.91,2.47,2.90,16.26,1,0,0
1768497096.179,0.85,5.89,2.02,0.10,5.95,1.66,0.89,5.91,2.47,4.83,8.53,1,0,0
1768497096.679,0.83,5.92,1.96,0.10,5.95,1.66,0.89,5.91,2.47,0.97,11.43,1,0,0
1768497097.179,0.83,5.94,1.75,0.10,5.95,1.66,0.89,5.91,2.47,0.44,19.25,1,0,0
1768497097.679,0.83,5.99,1.39,0.10,5.95,1.66,0.89,5.91,2.47,4.13,0.44,1,0,0
1768497098.179,0.84,6.04,1.02,0.10,5.95,1.66,0.89,5.91,2.47,13.89,5.27,1,0,0
1768497098.680,0.85,6.05,0.80,0.10,5.95,1.66,0.89,5.91,2.47,1.05,8.26,1,0,0
1768497099.179,0.86,6.06,0.48,0.10,5.95,1.66,0.89,5.91,2.47,2.64,0.53,1,0,0
1768497099.679,0.86,6.06,0.27,0.10,5.95,1.66,0.89,5.91,2.47,0.26,11.07,1,0,0
1768497100.179,0.87,6.07,0.08,0.10,5.95,1.66,0.89,5.91,2.47,9.32,39.55,1,0,0
1768497100.679,0.86,6.07,0.10,0.10,5.95,1.66,0.89,5.91,2.47,17.67,2.11,1,0,0
1768497101.180,0.86,6.06,0.10,0.10,5.95,1.66,0.89,5.91,2.47,6.24,20.21,1,0,0
1768497101.680,0.86,6.06,0.10,2.34,5.97,-0.06,0.89,5.91,2.47,6.24,31.46,1,0,1
1768497102.179,0.86,6.06,0.10,2.75,6.12,0.03,1.25,6.08,0.03,16.44,6.33,1,0,1
1768497102.679,0.86,6.06,0.10,2.82,6.12,0.03,1.25,6.08,0.03,12.22,41.57,0,0,1
1768497103.179,0.86,6.06,0.10,3.40,6.26,0.08,1.25,6.08,0.03,6.06,2.64,1,0,1
1768497103.679,0.86,6.06,0.10,3.43,6.27,0.08,1.25,6.08,0.03,0.35,10.11,0,0,1
1768497104.179,0.86,6.06,0.07,3.78,6.19,0.05,1.25,6.08,0.03,8.00,30.76,1,0,1
1768497104.679,0.87,6.06,0.06,3.86,6.28,0.07,1.25,6.08,0.03,6.68,0.09,0,0,1
1768497105.179,0.91,6.06,0.05,4.40,6.44,0.11,1.25,6.08,0.03,3.08,5.45,1,0,1
1768497105.679,0.94,6.06,0.05,4.56,6.39,0.09,1.25,6.08,0.03,8.79,6.42,1,0,1
1768497106.179,1.03,6.07,0.04,4.56,6.37,0.09,1.25,6.08,0.03,11.69,14.77,0,0,1
1768497106.679,1.10,6.07,0.03,4.55,6.38,0.09,1.25,6.08,0.03,42.98,50.36,0,0,1
1768497107.179,1.17,6.07,0.04,4.66,6.38,0.09,1.25,6.08,0.03,71.02,71.89,1,0,1
1768497107.679,1.20,6.08,0.04,4.64,6.17,0.03,4.66,5.27,0.81,71.63,72.33,1,1,1
1768497108.179,1.20,6.08,0.04,4.80,6.08,0.00,4.66,5.27,0.81,72.07,72.51,1,1,1
1768497108.679,1.20,6.08,0.04,4.78,6.14,0.02,4.66,5.27,0.81,72.42,72.51,0,1,1
1768497109.179,1.20,6.07,0.04,4.78,6.14,0.02,4.66,5.27,0.81,72.51,72.51,0,1,0
1768497109.679,1.20,6.07,-0.08,4.79,6.19,0.03,4.66,5.27,0.81,72.51,72.51,0,1,1
1768497110.179,1.20,6.07,-0.15,4.79,6.11,0.01,4.66,5.27,0.81,72.51,72.51,0,1,1
1768497110.679,1.22,6.07,-0.18,4.80,6.08,0.00,4.66,5.27,0.81,72.42,72.60,0,1,1
1768497111.179,1.26,6.06,-0.20,4.79,6.43,0.10,4.66,5.27,0.81,72.42,72.60,1,1,1
1768497111.679,1.30,6.05,-0.21,4.81,6.14,0.02,4.66,5.27,0.81,72.51,72.60,1,1,1
1768497112.179,1.39,6.03,-0.22,4.69,6.41,0.11,4.66,5.27,0.81,72.51,72.60,1,1,1
1768497112.679,1.48,6.02,-0.22,4.81,6.09,0.02,4.66,5.27,0.81,72.51,72.60,1,1,1
1768497113.179,1.64,5.98,-0.23,4.77,6.11,0.04,4.66,5.27,0.81,72.51,72.60,0,1,1
1768497113.679,1.76,5.95,-0.23,4.74,6.10,0.05,4.66,5.27,0.81,72.51,72.60,0,1,1
1768497114.179,1.96,5.91,-0.23,4.58,6.19,0.11,4.66,5.27,0.81,72.51,72.60,1,1,1
1768497114.679,2.08,5.88,-0.23,4.80,6.09,0.08,4.66,5.27,0.81,72.51,72.60,1,1,1
1768497115.179,2.31,5.83,-0.23,4.78,6.09,0.11,4.66,5.27,0.81,72.51,72.60,0,1,1
1768497115.679,2.48,5.79,-0.24,4.85,6.06,0.11,4.66,5.27,0.81,72.51,72.60,0,1,1
1768497116.179,2.71,5.73,-0.24,4.85,6.06,0.11,4.66,5.27,0.81,72.51,72.60,0,1,0
1768497116.679,2.86,5.70,-0.23,4.85,6.06,0.11,4.66,5.27,0.81,72.51,72.60,0,1,0
1768497117.179,3.09,5.65,-0.23,4.85,6.06,0.11,4.66,5.27,0.81,72.51,72.60,0,1,0
1768497117.679,3.22,5.61,-0.24,4.85,6.06,0.11,4.66,5.27,0.81,72.51,72.60,0,1,0
1768497118.179,3.46,5.56,-0.23,4.85,6.06,0.11,4.66,5.27,0.81,72.51,72.60,0,1,0
1768497118.679,3.59,5.53,-0.23,4.85,6.06,0.11,4.66,5.27,0.81,72.60,72.60,0,1,0
1768497119.179,3.75,5.49,-0.24,4.85,6.06,0.11,4.66,5.27,0.81,72.60,72.60,0,1,0
1768497119.679,3.84,5.47,-0.23,4.85,6.06,0.11,4.66,5.27,0.81,72.51,72.60,0,1,0
1768497120.179,3.96,5.44,-0.24,4.85,6.06,0.11,4.66,5.27,0.81,72.51,72.60,0,1,0
1768497120.679,4.04,5.43,-0.24,4.85,6.06,0.11,4.66,5.27,0.81,72.60,72.60,0,1,0
1768497121.179,4.16,5.40,-0.23,4.85,6.06,0.11,4.66,5.27,0.81,72.51,72.60,0,1,0
1768497121.679,4.25,5.38,-0.24,4.85,6.06,0.11,4.66,5.27,0.81,72.51,72.60,0,1,0
1768497122.179,4.37,5.35,-0.23,4.85,6.06,0.11,4.66,5.27,0.81,72.51,72.60,0,1,0
1768497122.679,4.45,5.33,-0.24,4.85,6.06,0.11,4.66,5.27,0.81,72.60,72.60,0,1,0
1768497123.179,4.55,5.31,-0.24,4.85,6.06,0.11,4.66,5.27,0.81,72.51,72.60,0,1,0
1768497123.680,4.58,5.30,-0.24,4.85,6.06,0.11,4.66,5.27,0.81,72.51,72.60,0,1,0
1768497124.179,4.62,5.29,-0.24,4.85,6.06,0.11,4.66,5.27,0.81,72.51,72.60,0,1,0
1768497124.679,4.62,5.30,-0.09,4.85,6.06,0.11,4.66,5.27,0.81,72.60,72.60,0,1,0
1768497125.179,4.61,5.31,0.32,4.85,6.06,0.11,4.66,5.27,0.81,72.60,72.51,0,1,0
1768497125.679,4.62,5.29,0.46,4.85,6.06,0.11,4.66,5.27,0.81,72.60,72.51,0,1,0
1768497126.179,4.63,5.29,0.62,4.85,6.06,0.11,4.66,5.27,0.81,72.69,72.51,0,1,0
1768497126.679,4.62,5.29,0.68,4.85,6.06,0.11,4.66,5.27,0.81,72.69,72.51,0,1,0
1768497127.179,4.62,5.29,0.73,4.85,6.06,0.11,4.66,5.27,0.81,72.69,72.51,0,1,0
1768497127.679,4.62,5.29,0.72,4.85,6.06,0.11,4.66,5.27,0.81,72.77,72.51,0,1,0
1768497128.179,4.62,5.29,0.72,4.85,6.06,0.11,4.66,5.27,0.81,72.51,72.42,0,1,0
1768497128.679,4.62,5.29,0.72,4.85,6.06,0.11,4.66,5.27,0.81,57.48,60.03,0,1,0
1768497129.179,4.62,5.29,0.72,4.85,6.06,0.11,4.66,5.27,0.81,3.43,16.26,0,0,0
1768497129.679,4.63,5.29,0.72,4.85,6.06,0.11,4.66,5.27,0.81,17.23,6.86,0,0,0
1768497130.179,4.62,5.29,0.70,4.85,6.06,0.11,4.66,5.27,0.81,1.76,19.42,0,0,0
1768497130.679,4.62,5.29,0.68,4.85,6.06,0.11,4.66,5.27,0.81,4.39,2.64,0,0,0
1768497131.179,4.62,5.29,0.51,4.85,6.06,0.11,4.66,5.27,0.81,0.44,16.96,0,0,0
1768497131.679,4.62,5.29,0.36,4.85,6.06,0.11,4.66,5.27,0.81,3.78,49.39,0,0,0
1768497132.179,4.61,5.29,0.06,4.85,6.06,0.11,4.66,5.27,0.81,18.28,11.51,0,0,0
1768497132.680,4.61,5.29,-0.14,4.85,6.06,0.11,4.66,5.27,0.81,4.39,47.99,0,0,0
1768497133.179,4.60,5.30,-0.46,4.85,6.06,0.11,4.66,5.27,0.81,2.02,0.26,0,0,0
1768497133.680,4.59,5.30,-0.80,4.85,6.06,0.11,4.66,5.27,0.81,7.03,4.48,0,0,0
1768497134.179,4.57,5.33,-1.20,4.85,6.06,0.11,4.66,5.27,0.81,4.92,43.95,0,0,0
1768497134.679,4.58,5.33,-1.28,4.85,6.06,0.11,4.66,5.27,0.81,2.02,8.44,0,0,0
1768497135.179,4.58,5.34,-1.29,4.85,6.06,0.11,4.66,5.27,0.81,1.14,17.84,0,0,0
1768497135.679,4.57,5.34,-1.33,4.85,6.06,0.11,4.66,5.27,0.81,5.19,8.61,0,0,0
1768497136.179,4.57,5.34,-1.35,4.85,6.06,0.11,4.66,5.27,0.81,14.15,10.28,0,0,0
1768497136.679,4.57,5.34,-1.35,4.85,6.06,0.11,4.66,5.27,0.81,14.68,48.96,0,0,0
1768497137.179,4.57,5.34,-1.35,4.61,3.02,-1.56,4.58,4.52,-1.56,19.78,13.18,1,0,1
1768497137.679,4.57,5.34,-1.35,4.78,2.87,-1.49,4.58,4.52,-1.56,1.23,11.34,1,0,1
1768497138.179,4.57,5.34,-1.35,4.78,2.87,-1.49,4.58,4.52,-1.56,5.98,13.97,1,0,0
1768497138.679,4.57,5.34,-1.35,5.03,2.56,-1.41,4.58,4.52,-1.56,44.21,51.33,1,0,1
1768497139.179,4.56,5.34,-1.45,5.10,2.42,-1.39,4.58,4.52,-1.56,66.62,71.98,1,0,1
1768497139.679,4.57,5.34,-1.48,4.84,2.31,-1.48,4.58,4.52,-1.56,71.72,72.69,1,1,1
1768497140.179,4.57,5.31,-1.52,5.06,2.51,-1.40,4.58,4.52,-1.56,72.25,72.77,1,1,1
1768497140.679,4.57,5.28,-1.54,5.05,2.50,-1.40,4.58,4.52,-1.56,72.51,72.86,0,1,1
1768497141.179,4.58,5.21,-1.55,5.11,2.44,-1.38,4.58,4.52,-1.56,72.51,72.86,0,1,1
1768497141.679,4.58,5.11,-1.56,5.07,2.41,-1.39,4.58,4.52,-1.56,72.42,72.86,0,1,1
1768497142.179,4.58,5.04,-1.56,5.08,2.51,-1.38,4.58,4.52,-1.56,72.51,72.86,1,1,1
1768497142.679,4.58,4.96,-1.55,5.07,2.51,-1.37,4.58,4.52,-1.56,72.51,72.86,0,1,1
1768497143.180,4.58,4.85,-1.56,5.10,2.43,-1.36,4.23,2.24,-0.57,72.42,72.86,0,1,1
1768497143.679,4.58,4.77,-1.56,5.08,2.46,-1.36,4.23,2.24,-0.57,72.42,72.95,0,1,1
1768497144.179,4.59,4.67,-1.56,5.09,2.47,-1.35,4.23,2.24,-0.57,72.42,72.95,0,1,1
1768497144.679,4.60,4.69,-1.55,5.08,2.45,-1.36,4.23,2.24,-0.57,72.51,72.95,0,1,1
1768497145.180,4.59,4.68,-1.63,4.81,2.33,-1.48,4.23,2.24,-0.57,72.51,72.86,1,1,1
1768497145.680,4.59,4.68,-1.67,4.91,2.50,-1.43,4.23,2.24,-0.57,72.51,72.86,1,1,1
1768497146.179,4.59,4.64,-1.72,4.87,2.49,-1.44,4.23,2.24,-0.57,72.51,72.95,0,1,1
1768497146.679,4.58,4.60,-1.72,4.87,2.49,-1.44,4.23,2.24,-0.57,72.51,72.95,0,1,1
1768497147.179,4.58,4.52,-1.73,4.81,2.32,-1.47,4.23,2.24,-0.57,72.51,72.95,1,1,1
1768497147.679,4.56,4.45,-1.74,4.87,2.49,-1.41,4.23,2.24,-0.57,72.51,72.86,1,1,1
1768497148.179,4.54,4.31,-1.75,4.86,2.52,-1.39,4.23,2.24,-0.57,72.51,72.86,0,1,1
1768497148.679,4.52,4.19,-1.75,4.86,2.52,-1.39,4.23,2.24,-0.57,72.51,72.86,0,1,0
1768497149.179,4.49,3.99,-1.76,4.86,2.52,-1.39,4.23,2.24,-0.57,72.51,72.95,0,1,0
1768497149.679,4.47,3.85,-1.75,4.86,2.52,-1.39,4.23,2.24,-0.57,72.51,72.95,0,1,0
1768497150.179,4.43,3.63,-1.75,4.86,2.52,-1.39,4.23,2.24,-0.57,72.51,72.86,0,1,0
1768497150.679,4.41,3.54,-1.76,4.86,2.52,-1.39,4.23,2.24,-0.57,72.51,72.86,0,1,0
1768497151.179,4.39,3.38,-1.76,4.86,2.52,-1.39,4.23,2.24,-0.57,72.51,72.86,0,1,0
1768497151.679,4.37,3.28,-1.76,4.86,2.52,-1.39,4.23,2.24,-0.57,72.51,72.86,0,1,0
1768497152.179,4.34,3.14,-1.76,4.86,2.52,-1.39,4.23,2.24,-0.57,72.60,72.86,0,1,0
1768497152.679,4.33,3.06,-1.75,4.86,2.52,-1.39,4.23,2.24,-0.57,72.51,72.86,0,1,0
1768497153.179,4.31,2.94,-1.76,4.86,2.52,-1.39,4.23,2.24,-0.57,72.51,72.86,0,1,0
1768497153.679,4.29,2.87,-1.76,4.86,2.52,-1.39,4.23,2.24,-0.57,72.51,72.86,0,1,0
1768497154.179,4.27,2.75,-1.76,4.86,2.52,-1.39,4.23,2.24,-0.57,72.51,72.86,0,1,0
1768497154.679,4.26,2.66,-1.76,4.86,2.52,-1.39,4.23,2.24,-0.57,72.51,72.95,0,1,0
1768497155.179,4.26,2.66,-1.76,4.86,2.52,-1.39,4.23,2.24,-0.57,72.51,72.86,0,1,0
1768497155.679,4.26,2.66,-1.76,4.86,2.52,-1.39,4.23,2.24,-0.57,72.51,72.86,0,1,0
1768497156.179,4.24,2.37,-1.48,4.86,2.52,-1.39,4.23,2.24,-0.57,72.77,72.86,0,1,0
1768497156.679,4.25,2.33,-1.44,4.86,2.52,-1.39,4.23,2.24,-0.57,72.60,72.86,0,1,0
1768497157.179,4.25,2.29,-1.41,4.86,2.52,-1.39,4.23,2.24,-0.57,72.69,72.86,0,1,0
1768497157.679,4.26,2.27,-1.39,4.86,2.52,-1.39,4.23,2.24,-0.57,72.69,72.86,0,1,0
1768497158.179,4.28,2.29,-1.15,4.86,2.52,-1.39,4.23,2.24,-0.57,72.69,72.86,0,1,0
1768497158.679,4.28,2.28,-0.95,4.86,2.52,-1.39,4.23,2.24,-0.57,72.60,72.86,0,1,0
1768497159.179,4.26,2.27,-0.77,4.86,2.52,-1.39,4.23,2.24,-0.57,72.51,72.95,0,1,0
1768497159.679,4.26,2.27,-0.72,4.86,2.52,-1.39,4.23,2.24,-0.57,72.69,72.86,0,1,0
1768497160.179,4.26,2.28,-0.65,4.86,2.52,-1.39,4.23,2.24,-0.57,72.69,72.86,0,1,0
1768497160.679,4.26,2.27,-0.66,4.86,2.52,-1.39,4.23,2.24,-0.57,72.69,72.86,0,1,0
1768497161.179,4.26,2.27,-0.66,4.86,2.52,-1.39,4.23,2.24,-0.57,72.69,72.86,0,1,0
1768497161.679,4.26,2.27,-0.66,4.86,2.52,-1.39,4.23,2.24,-0.57,72.69,72.86,0,1,0
1768497162.179,4.26,2.27,-0.66,4.86,2.52,-1.39,4.23,2.24,-0.57,72.60,72.86,0,1,0
1768497162.679,4.26,2.27,-0.67,4.86,2.52,-1.39,4.23,2.24,-0.57,72.69,72.86,0,1,0
1768497163.179,4.26,2.27,-0.66,4.86,2.52,-1.39,4.23,2.24,-0.57,72.69,72.86,0,1,0
1768497163.679,4.26,2.27,-0.66,4.86,2.52,-1.39,4.23,2.24,-0.57,72.51,72.86,0,1,0
1768497164.179,4.26,2.27,-0.66,4.86,2.52,-1.39,4.23,2.24,-0.57,56.43,72.86,0,1,0
1768497164.679,4.26,2.27,-0.67,4.86,2.52,-1.39,4.23,2.24,-0.57,16.70,31.20,0,1,0
1768497165.179,4.26,2.27,-0.72,4.86,2.52,-1.39,4.23,2.24,-0.57,11.51,11.43,0,0,0
1768497165.679,4.27,2.27,-0.78,6.73,0.73,-0.56,5.46,1.52,-0.56,8.88,22.24,1,0,1
1768497166.179,4.27,2.26,-0.83,7.30,-1.55,-0.90,5.46,1.52,-0.56,18.63,12.30,1,0,1
1768497166.679,4.27,2.26,-0.84,5.18,1.04,-0.93,5.46,1.52,-0.56,1.85,22.41,1,0,1
1768497167.179,4.27,2.26,-0.84,5.22,0.97,-0.94,5.46,1.52,-0.56,17.14,12.92,0,0,1
1768497167.679,4.27,2.26,-0.84,5.33,0.52,-1.03,5.46,1.52,-0.56,4.57,7.47,1,0,1
1768497168.179,4.27,2.26,-0.84,5.18,0.19,-1.16,5.46,1.52,-0.56,10.99,0.62,1,0,1
1768497168.679,4.27,2.26,-0.84,5.16,0.04,-1.19,5.46,1.52,-0.56,9.40,0.62,1,0,1
1768497169.179,4.27,2.26,-0.84,5.17,-0.03,-1.20,5.46,1.52,-0.56,9.40,0.62,0,0,1
1768497169.679,4.27,2.26,-0.84,5.16,-0.02,-1.20,5.46,1.52,-0.56,9.32,0.62,0,0,1
1768497170.179,4.27,2.26,-0.84,5.19,-0.01,-1.19,5.46,1.52,-0.56,8.96,0.62,0,0,1
1768497170.680,4.27,2.26,-0.84,5.16,-0.02,-1.20,5.46,1.52,-0.56,8.96,0.62,0,0,1
1768497171.179,4.27,2.26,-0.84,5.16,-0.02,-1.20,4.32,-0.35,-1.20,8.88,0.62,0,0,1
1768497171.679,4.27,2.26,-0.84,5.15,-0.03,-1.20,4.32,-0.35,-1.20,8.88,0.62,0,0,1
1768497172.179,4.27,2.26,-0.84,5.18,-0.03,-1.19,4.32,-0.35,-1.20,8.88,0.62,0,0,1
1768497172.679,4.27,2.26,-0.84,5.15,-0.03,-1.20,4.32,-0.35,-1.20,8.61,0.62,0,0,1
1768497173.179,4.27,2.26,-0.84,5.16,-0.03,-1.20,4.32,-0.35,-1.20,7.91,0.62,0,0,1
1768497173.680,4.27,2.26,-0.84,5.19,-0.03,-1.19,4.32,-0.35,-1.20,7.91,0.62,0,0,1
1768497174.179,4.27,2.26,-0.84,5.19,-0.03,-1.19,4.32,-0.35,-1.20,7.91,0.62,0,0,1
1768497174.679,4.27,2.26,-0.84,5.19,-0.03,-1.19,4.32,-0.35,-1.20,7.91,0.62,0,0,1
1768497175.179,4.27,2.26,-0.84,5.19,-0.03,-1.19,4.32,-0.35,-1.20,7.91,0.62,0,0,1
1768497175.679,4.27,2.26,-0.84,5.16,-0.04,-1.20,4.32,-0.35,-1.20,7.91,0.62,0,0,1
1768497176.179,4.27,2.26,-0.84,5.17,-0.03,-1.20,4.32,-0.35,-1.20,7.91,0.62,0,0,1
1768497176.679,4.27,2.26,-0.84,5.17,-0.03,-1.20,4.32,-0.35,-1.20,7.91,0.62,0,0,1
1768497177.180,4.27,2.26,-0.84,5.18,-0.03,-1.19,4.32,-0.35,-1.20,7.91,0.62,0,0,1
1768497177.679,4.27,2.26,-0.84,5.19,-0.03,-1.19,4.32,-0.35,-1.20,7.91,0.62,0,0,1
1768497178.179,4.27,2.26,-0.84,5.16,-0.04,-1.20,4.32,-0.35,-1.20,7.82,0.62,0,0,1
1768497178.679,4.27,2.26,-0.84,5.18,-0.03,-1.19,4.32,-0.35,-1.20,7.73,0.62,0,0,1
1768497179.179,4.27,2.26,-0.84,5.17,-0.03,-1.20,4.32,-0.35,-1.20,7.73,0.62,0,0,1
1768497179.679,4.27,2.26,-0.84,5.16,-0.04,-1.20,4.32,-0.35,-1.20,7.73,0.62,0,0,1
1768497180.179,4.27,2.26,-0.84,5.16,-0.05,-1.20,4.32,-0.35,-1.20,7.73,0.62,0,0,1
1768497180.679,4.27,2.26,-0.84,5.17,-0.04,-1.20,4.32,-0.35,-1.20,7.73,0.62,0,0,1
1768497181.179,4.27,2.26,-0.84,5.17,-0.03,-1.20,4.32,-0.35,-1.20,7.73,0.62,0,0,1
1768497181.679,4.27,2.26,-0.84,5.17,-0.03,-1.20,4.32,-0.35,-1.20,7.47,0.62,0,0,1
1768497182.179,4.27,2.26,-0.84,5.16,-0.05,-1.20,4.32,-0.35,-1.20,14.68,0.53,0,0,1
1768497182.679,4.27,2.26,-0.84,5.19,-0.04,-1.19,4.32,-0.35,-1.20,14.85,0.53,0,0,1
1768497183.179,4.27,2.26,-0.84,5.73,-1.47,-1.20,5.18,-0.07,-1.20,3.43,15.82,1,0,1
1768497183.679,4.27,2.26,-0.84,5.73,-1.47,-1.20,5.18,-0.07,-1.20,0.18,15.03,1,0,0
1768497184.179,4.27,2.26,-0.84,5.73,-1.47,-1.20,5.18,-0.07,-1.20,0.35,33.93,1,0,0
1768497184.679,4.27,2.26,-0.84,5.73,-1.47,-1.20,5.18,-0.07,-1.20,22.68,11.34,1,0,0
1768497185.179,4.27,2.26,-0.84,5.73,-1.47,-1.20,5.18,-0.07,-1.20,0.35,19.95,1,0,0
1768497185.679,4.28,2.26,-0.87,5.73,-1.47,-1.20,5.18,-0.07,-1.20,13.01,38.23,1,0,0
1768497186.180,4.29,2.24,-1.02,5.73,-1.47,-1.20,5.18,-0.07,-1.20,25.75,5.19,1,0,0
1768497186.679,4.30,2.20,-1.24,5.73,-1.47,-1.20,5.18,-0.07,-1.20,11.34,20.04,1,0,0
1768497187.179,4.31,2.13,-1.64,5.73,-1.47,-1.20,5.18,-0.07,-1.20,13.45,29.44,1,0,0
1768497187.679,4.31,2.09,-1.88,5.73,-1.47,-1.20,5.18,-0.07,-1.20,12.30,9.40,1,0,0
1768497188.179,4.29,2.04,-2.28,5.73,-1.47,-1.20,5.18,-0.07,-1.20,8.17,37.27,1,0,0
1768497188.680,4.26,2.02,-2.58,5.73,-1.47,-1.20,5.18,-0.07,-1.20,5.01,0.35,1,0,0
1768497189.179,4.23,2.00,-2.99,1.64,1.55,-2.97,5.18,-0.07,-1.20,5.27,24.35,1,0,1
1768497189.679,4.22,1.99,-3.06,1.21,1.90,-3.11,5.18,-0.07,-1.20,20.13,14.68,1,0,1
1768497190.179,4.22,2.00,-3.05,0.95,1.77,-3.07,5.18,-0.07,-1.20,9.32,5.01,1,0,1
1768497190.679,4.22,2.00,-3.05,0.36,1.84,-3.10,5.18,-0.07,-1.20,5.10,9.76,1,0,1
1768497191.179,4.23,2.00,-3.05,0.16,1.85,-3.10,5.18,-0.07,-1.20,9.40,9.40,1,0,1
1768497191.679,4.23,2.01,-3.05,0.16,1.90,-3.11,5.18,-0.07,-1.20,9.32,9.32,0,0,1
1768497192.179,4.23,2.00,-3.05,0.15,1.87,-3.11,5.18,-0.07,-1.20,9.23,9.32,0,0,1
1768497192.679,4.22,2.00,-3.05,0.15,1.89,-3.11,5.18,-0.07,-1.20,9.32,9.23,0,0,1
1768497193.179,4.22,2.01,-3.05,0.15,1.88,-3.11,5.18,-0.07,-1.20,9.23,9.23,0,0,1
1768497193.679,4.22,2.01,-3.05,0.22,1.91,-3.12,5.18,-0.07,-1.20,9.32,9.23,0,0,1
1768497194.179,4.23,2.01,-3.05,0.15,1.88,-3.11,0.13,2.78,-3.11,9.32,9.05,0,0,1
1768497194.679,4.23,2.01,-3.05,0.23,1.91,-3.12,0.13,2.78,-3.11,9.49,9.05,0,0,1
1768497195.179,4.23,2.01,-3.05,0.28,1.92,-3.12,0.13,2.78,-3.11,9.49,9.05,0,0,1
1768497195.679,4.23,2.01,-3.05,0.15,1.88,-3.11,0.13,2.78,-3.11,9.49,9.05,1,0,1
1768497196.180,4.23,2.01,-3.05,0.16,1.84,-3.10,0.13,2.78,-3.11,9.49,9.05,0,0,1
1768497196.679,4.23,2.01,-3.05,0.16,1.84,-3.10,0.13,2.78,-3.11,9.49,9.05,0,0,0
1768497197.179,4.21,2.01,3.01,0.24,1.91,-3.11,0.13,2.78,-3.11,9.49,9.05,0,0,1
1768497197.679,4.18,2.02,2.99,0.22,1.92,-3.12,0.13,2.78,-3.11,9.49,9.05,0,0,1
1768497198.179,4.12,2.03,2.98,0.22,1.91,-3.11,0.13,2.78,-3.11,9.49,9.05,0,0,1
1768497198.679,4.06,2.04,2.97,0.27,1.92,-3.11,0.13,2.78,-3.11,9.58,9.05,0,0,1
1768497199.179,3.95,2.06,2.96,0.29,2.07,3.14,0.13,2.78,-3.11,9.67,9.05,1,0,1
1768497199.679,3.85,2.07,2.96,0.26,2.08,3.14,0.13,2.78,-3.11,9.76,9.05,0,0,1
1768497200.179,3.67,2.11,2.95,0.16,2.16,3.13,0.13,2.78,-3.11,9.76,9.05,1,0,1
1768497200.679,3.54,2.13,2.95,0.18,2.10,-3.13,0.13,2.78,-3.11,9.76,9.05,0,0,1
1768497201.179,3.32,2.17,2.95,0.31,2.07,-3.11,0.13,2.78,-3.11,9.76,9.05,1,0,1
1768497201.679,3.18,2.19,2.95,0.20,2.13,-3.12,0.13,2.78,-3.11,9.76,9.05,1,0,1
1768497202.179,2.96,2.23,2.95,0.28,2.08,-3.08,0.13,2.78,-3.11,9.76,9.05,0,0,1
1768497202.679,2.78,2.27,2.94,0.25,2.09,-3.07,0.13,2.78,-3.11,9.76,9.05,0,0,1
1768497203.179,2.56,2.31,2.95,0.33,1.93,-2.97,0.13,2.78,-3.11,9.76,9.05,1,0,1
1768497203.679,2.41,2.34,2.94,0.26,2.09,-3.03,0.13,2.78,-3.11,9.76,9.05,1,0,1
1768497204.179,2.17,2.38,2.95,0.20,2.15,-3.02,0.13,2.78,-3.11,9.76,9.05,0,0,1
1768497204.679,2.01,2.41,2.95,0.20,2.15,-3.02,0.13,2.78,-3.11,9.76,9.05,0,0,0
1768497205.179,1.78,2.45,2.95,0.20,2.15,-3.02,0.13,2.78,-3.11,9.76,9.05,0,0,0
1768497205.679,1.61,2.49,2.95,0.20,2.15,-3.02,0.13,2.78,-3.11,9.76,9.05,0,0,0
1768497206.179,1.39,2.53,2.95,0.20,2.15,-3.02,0.13,2.78,-3.11,9.76,9.05,0,0,0
1768497206.680,1.27,2.55,2.94,0.20,2.15,-3.02,0.13,2.78,-3.11,9.76,9.05,0,0,0
1768497207.179,1.10,2.58,2.94,0.20,2.15,-3.02,0.13,2.78,-3.11,9.76,9.05,0,0,0
1768497207.679,1.00,2.60,2.95,0.20,2.15,-3.02,0.13,2.78,-3.11,9.76,9.05,0,0,0
1768497208.179,0.87,2.63,2.95,0.20,2.15,-3.02,0.13,2.78,-3.11,10.20,9.05,0,0,0
1768497208.679,0.77,2.64,2.94,0.20,2.15,-3.02,0.13,2.78,-3.11,10.20,9.05,0,0,0
1768497209.179,0.64,2.67,2.94,0.20,2.15,-3.02,0.13,2.78,-3.11,10.20,9.05,0,0,0
1768497209.679,0.57,2.68,2.94,0.20,2.15,-3.02,0.13,2.78,-3.11,10.20,9.05,0,0,0
1768497210.179,0.45,2.70,2.94,0.20,2.15,-3.02,0.13,2.78,-3.11,10.11,9.05,0,0,0
1768497210.679,0.33,2.72,2.94,0.20,2.15,-3.02,0.13,2.78,-3.11,10.20,9.05,0,0,0
1768497211.179,0.26,2.74,2.95,0.20,2.15,-3.02,0.13,2.78,-3.11,10.20,9.05,0,0,0
1768497211.679,0.21,2.75,2.94,0.20,2.15,-3.02,0.13,2.78,-3.11,10.20,9.05,0,0,0
1768497212.179,0.18,2.76,2.94,0.20,2.15,-3.02,0.13,2.78,-3.11,10.20,9.05,0,0,0
1768497212.679,0.16,2.76,2.94,0.20,2.15,-3.02,0.13,2.78,-3.11,10.20,9.05,0,0,0
1768497213.179,0.16,2.76,3.06,0.20,2.15,-3.02,0.13,2.78,-3.11,10.20,9.05,0,0,0
1768497213.679,0.16,2.76,3.09,0.20,2.15,-3.02,0.13,2.78,-3.11,10.20,9.05,0,0,0
1768497214.179,0.17,2.76,3.09,0.20,2.15,-3.02,0.13,2.78,-3.11,10.20,9.05,0,0,0
1768497214.679,0.16,2.76,3.09,0.20,2.15,-3.02,0.13,2.78,-3.11,11.60,2.11,0,0,0
1768497215.179,0.16,2.76,3.09,0.20,2.15,-3.02,0.13,2.78,-3.11,2.55,8.17,0,0,0
1768497215.679,0.16,2.76,3.09,0.20,2.15,-3.02,0.13,2.78,-3.11,5.54,6.86,0,0,0
1768497216.179,0.16,2.76,3.09,0.20,2.15,-3.02,0.13,2.78,-3.11,1.32,11.16,0,0,0
1768497216.679,0.16,2.76,3.09,0.20,2.15,-3.02,0.13,2.78,-3.11,4.57,28.12,0,0,0
1768497217.179,0.16,2.76,3.09,0.20,2.15,-3.02,0.13,2.78,-3.11,8.35,11.07,0,0,0
1768497217.679,0.16,2.76,3.09,0.20,2.15,-3.02,0.13,2.78,-3.11,3.96,18.11,0,0,0
1768497218.179,0.16,2.76,3.09,0.20,2.15,-3.02,0.13,2.78,-3.11,6.06,0.26,0,0,0
1768497218.679,0.16,2.76,3.09,0.20,2.15,-3.02,0.13,2.78,-3.11,20.13,10.55,0,0,0
1768497219.179,0.16,2.76,3.09,0.20,2.15,-3.02,0.13,2.78,-3.11,2.29,24.08,0,0,0
1768497219.679,0.17,2.76,3.02,0.20,2.15,-3.02,0.13,2.78,-3.11,5.19,4.04,0,0,0
1768497220.179,0.19,2.75,2.68,0.20,2.15,-3.02,0.13,2.78,-3.11,23.03,15.64,0,0,0
1768497220.679,0.20,2.75,2.27,0.20,2.15,-3.02,0.13,2.78,-3.11,11.95,43.42,0,0,0
1768497221.179,0.19,2.75,1.70,0.61,4.46,1.33,0.13,2.78,-3.11,5.71,0.70,1,0,1
1768497221.679,0.18,2.76,1.62,0.61,4.46,1.33,0.13,2.78,-3.11,16.88,2.02,1,0,0
1768497222.179,0.18,2.76,1.60,0.54,4.64,1.38,1.43,4.47,1.38,4.31,16.96,1,0,1
1768497222.679,0.19,2.75,1.60,0.29,5.12,1.53,1.43,4.47,1.38,5.62,0.79,1,0,1
1768497223.179,0.19,2.75,1.60,0.27,5.23,1.54,1.43,4.47,1.38,15.47,12.13,1,0,1
1768497223.679,0.19,2.75,1.60,0.23,5.31,1.55,1.43,4.47,1.38,6.15,24.61,0,0,1
1768497224.179,0.21,2.74,1.27,0.17,5.48,1.58,1.43,4.47,1.38,3.87,5.89,1,0,1
1768497224.680,0.19,2.75,1.23,0.13,5.87,1.59,1.43,4.47,1.38,7.03,7.47,1,0,1
1768497225.179,0.18,2.76,1.09,0.13,5.87,1.59,1.43,4.47,1.38,8.44,8.70,1,0,0
1768497225.679,0.18,2.76,1.04,0.13,5.87,1.59,1.43,4.47,1.38,8.44,8.61,1,0,0
1768497226.179,0.20,2.78,0.99,0.13,5.87,1.59,1.43,4.47,1.38,8.44,8.61,1,0,0
1768497226.679,0.22,2.81,0.97,0.13,5.87,1.59,1.43,4.47,1.38,8.44,8.61,1,0,0
1768497227.179,0.26,2.87,0.95,0.13,5.87,1.59,1.43,4.47,1.38,8.44,8.61,1,0,0
1768497227.679,0.32,2.96,0.95,0.13,5.87,1.59,1.43,4.47,1.38,8.44,8.61,1,0,0
1768497228.179,0.37,3.03,0.94,0.13,5.87,1.59,1.43,4.47,1.38,8.44,8.61,1,0,0
1768497228.679,0.42,3.12,0.94,0.13,5.87,1.59,1.43,4.47,1.38,8.44,8.61,1,0,0
1768497229.179,0.53,3.27,0.93,0.13,5.87,1.59,1.43,4.47,1.38,8.44,8.61,1,0,0
1768497229.679,0.62,3.40,0.94,0.13,5.87,1.59,1.43,4.47,1.38,8.44,8.61,1,0,0
1768497230.179,0.75,3.56,0.93,0.13,5.87,1.59,1.43,4.47,1.38,8.44,8.61,1,0,0
1768497230.679,0.80,3.63,0.94,0.13,5.87,1.59,1.43,4.47,1.38,8.44,8.61,1,0,0
1768497231.179,0.89,3.75,0.93,0.13,5.87,1.59,1.43,4.47,1.38,8.44,8.61,1,0,0
1768497231.679,0.94,3.82,0.94,0.13,5.87,1.59,1.43,4.47,1.38,9.49,8.96,1,0,0
1768497232.179,1.02,3.93,0.94,0.13,5.87,1.59,1.43,4.47,1.38,12.39,11.07,1,0,0
1768497232.679,1.08,4.00,0.94,0.13,5.87,1.59,1.43,4.47,1.38,13.10,11.25,1,0,0
1768497233.179,1.15,4.10,0.94,0.13,5.87,1.59,1.43,4.47,1.38,7.12,7.21,1,0,0
1768497233.679,1.19,4.15,0.94,0.13,5.87,1.59,1.43,4.47,1.38,7.12,7.73,1,0,0
1768497234.179,1.26,4.26,0.94,0.13,5.87,1.59,1.43,4.47,1.38,7.21,7.73,1,0,0
1768497234.679,1.30,4.32,0.93,0.13,5.87,1.59,1.43,4.47,1.38,7.29,7.73,1,0,0
1768497235.179,1.36,4.40,0.94,0.13,5.87,1.59,1.43,4.47,1.38,7.21,7.73,1,0,0
1768497235.680,1.38,4.43,0.94,0.13,5.87,1.59,1.43,4.47,1.38,7.12,7.65,1,0,0
1768497236.179,1.39,4.45,0.95,0.13,5.87,1.59,1.43,4.47,1.38,6.42,6.50,1,0,0
1768497236.679,1.36,4.45,1.15,0.13,5.87,1.59,1.43,4.47,1.38,6.42,6.68,1,0,0
1768497237.179,1.39,4.44,1.25,0.13,5.87,1.59,1.43,4.47,1.38,6.42,6.50,1,0,0
1768497237.679,1.39,4.44,1.29,0.13,5.87,1.59,1.43,4.47,1.38,6.42,6.68,1,0,0
1768497238.179,1.39,4.44,1.30,0.13,5.87,1.59,1.43,4.47,1.38,6.42,6.86,1,0,0
1768497238.679,1.39,4.44,1.30,0.13,5.87,1.59,1.43,4.47,1.38,6.42,6.86,1,0,0
1768497239.179,1.39,4.44,1.30,0.13,5.87,1.59,1.43,4.47,1.38,7.29,7.21,1,0,0
1768497239.679,1.39,4.44,1.30,0.13,5.87,1.59,1.43,4.47,1.38,7.38,7.21,1,0,0
1768497240.179,1.38,4.47,1.40,0.13,5.87,1.59,1.43,4.47,1.38,7.38,7.21,1,0,0
1768497240.679,1.39,4.52,1.65,0.13,5.87,1.59,1.43,4.47,1.38,7.38,7.21,1,0,0
1768497241.182,1.38,4.57,1.95,0.13,5.93,2.32,1.43,4.47,1.38,7.47,7.29,0,0,1
1768497241.679,1.37,4.60,2.07,-1.03,7.30,2.30,1.43,4.47,1.38,7.38,7.21,1,0,1
1768497242.179,1.37,4.60,2.07,-1.51,8.25,-0.90,1.43,4.47,1.38,7.73,7.12,1,0,1
1768497242.679,1.37,4.60,2.07,-0.96,7.35,-0.87,1.43,4.47,1.38,6.77,5.10,1,0,1
1768497243.179,1.37,4.60,2.07,0.14,5.98,-0.84,1.43,4.47,1.38,7.21,5.89,1,0,1
1768497243.679,1.37,4.60,2.07,-1.65,8.35,-0.89,-0.71,7.18,2.25,7.03,2.20,1,0,1
1768497244.179,1.37,4.59,2.07,-1.74,8.41,-0.89,-0.71,7.18,2.25,6.42,2.37,0,0,1
1768497244.679,1.37,4.59,2.07,0.11,5.90,-0.80,-0.71,7.18,2.25,6.42,5.45,1,0,1
1768497245.180,1.37,4.59,2.07,0.13,5.91,-0.82,-0.71,7.18,2.25,7.21,3.69,0,0,1
1768497245.679,1.37,4.59,2.04,0.14,5.89,-0.81,-0.71,7.18,2.25,7.21,3.43,0,0,1
1768497246.179,1.36,4.61,2.00,0.13,5.88,-0.80,-0.71,7.18,2.25,7.12,2.81,0,0,1
1768497246.679,1.35,4.63,1.99,0.13,5.87,-0.80,-0.71,7.18,2.25,6.94,2.81,0,0,1
1768497247.179,1.32,4.69,1.97,0.14,5.93,-0.81,-0.71,7.18,2.25,7.03,2.81,0,0,1
1768497247.679,1.30,4.75,1.97,-1.71,8.40,-0.88,-0.71,7.18,2.25,6.94,2.81,1,0,1
1768497248.179,1.25,4.86,1.97,-1.71,8.40,-0.88,-0.71,7.18,2.25,6.94,2.81,1,0,0
1768497248.679,1.22,4.94,1.97,-1.71,8.40,-0.88,-0.71,7.18,2.25,6.94,2.81,1,0,0
1768497249.179,1.14,5.10,1.97,-1.71,8.40,-0.88,-0.71,7.18,2.25,7.38,3.43,1,0,0
1768497249.679,1.09,5.22,1.96,-1.71,8.40,-0.88,-0.71,7.18,2.25,6.24,2.81,1,0,0
1768497250.179,1.03,5.38,1.97,-1.71,8.40,-0.88,-0.71,7.18,2.25,6.42,3.60,1,0,0
1768497250.679,0.98,5.48,1.96,-1.71,8.40,-0.88,-0.71,7.18,2.25,6.77,3.60,1,0,0
1768497251.179,0.93,5.60,1.97,-1.71,8.40,-0.88,-0.71,7.18,2.25,7.03,3.69,1,0,0
1768497251.680,0.90,5.67,1.96,-1.71,8.40,-0.88,-0.71,7.18,2.25,7.03,3.69,1,0,0
1768497252.180,0.85,5.79,1.96,-1.71,8.40,-0.88,-0.71,7.18,2.25,7.12,3.69,1,0,0
1768497252.679,0.82,5.86,1.96,-1.71,8.40,-0.88,-0.71,7.18,2.25,7.12,3.60,1,0,0
1768497253.179,0.78,5.96,1.96,-1.71,8.40,-0.88,-0.71,7.18,2.25,7.12,3.60,1,0,0
1768497253.679,0.76,6.01,1.95,-1.71,8.40,-0.88,-0.71,7.18,2.25,7.12,3.60,1,0,0
1768497254.179,0.75,6.03,1.93,-1.71,8.40,-0.88,-0.71,7.18,2.25,7.03,3.52,1,0,0
1768497254.679,0.74,6.04,1.92,-1.71,8.40,-0.88,-0.71,7.18,2.25,7.03,3.52,1,0,0
1768497255.179,0.74,6.04,1.92,-1.71,8.40,-0.88,-0.71,7.18,2.25,6.94,2.81,1,0,0
1768497255.679,0.74,6.04,1.92,-1.71,8.40,-0.88,-0.71,7.18,2.25,6.86,2.90,1,0,0
1768497256.179,0.74,6.05,1.91,-1.71,8.40,-0.88,-0.71,7.18,2.25,6.68,2.81,1,0,0
1768497256.679,0.74,6.06,1.87,-1.71,8.40,-0.88,-0.71,7.18,2.25,4.04,6.50,1,0,0
1768497257.179,0.73,6.07,1.86,-1.71,8.40,-0.88,-0.71,7.18,2.25,4.48,0.44,1,0,0
1768497257.679,0.74,6.06,1.82,-1.71,8.40,-0.88,-0.71,7.18,2.25,14.94,4.66,1,0,0
1768497258.179,0.76,5.98,1.46,-1.71,8.40,-0.88,-0.71,7.18,2.25,3.96,31.82,1,0,0
1768497258.679,0.73,5.90,1.09,-1.71,8.40,-0.88,-0.71,7.18,2.25,19.16,2.37,1,0,0
1768497259.179,0.65,5.82,0.56,-1.71,8.40,-0.88,-0.71,7.18,2.25,4.83,3.25,1,0,0
1768497259.679,0.59,5.80,0.32,-1.71,8.40,-0.88,-0.71,7.18,2.25,4.22,37.62,1,0,0
1768497260.179,0.58,5.80,0.26,-1.71,8.40,-0.88,-0.71,7.18,2.25,14.85,6.77,1,0,0
1768497260.679,0.58,5.80,0.27,-1.71,8.40,-0.88,-0.71,7.18,2.25,0.18,18.02,1,0,0
1768497261.179,0.58,5.80,0.27,-1.71,8.40,-0.88,-0.71,7.18,2.25,3.08,8.79,1,0,0
1768497261.679,0.57,5.80,0.26,1.40,6.23,0.48,-0.71,7.18,2.25,3.25,13.36,1,0,1
1768497262.179,0.59,5.80,0.20,1.67,6.18,0.34,-0.71,7.18,2.25,3.60,43.24,1,0,1
1768497262.680,0.58,5.80,0.21,1.91,6.16,0.27,2.15,5.30,0.27,11.16,9.58,1,0,1
1768497263.179,0.58,5.80,0.26,2.46,6.12,0.17,2.15,5.30,0.27,1.93,43.42,1,0,1
1768497263.679,0.57,5.81,0.56,2.52,6.24,0.22,2.15,5.30,0.27,2.37,0.18,1,0,1
1768497264.179,0.58,5.79,0.52,2.99,6.26,0.19,2.15,5.30,0.27,0.18,12.57,1,0,1
1768497264.679,0.59,5.78,0.40,2.99,6.26,0.19,2.15,5.30,0.27,7.65,1.58,1,0,0
1768497265.179,0.59,5.78,0.04,3.70,6.22,0.14,2.15,5.30,0.27,16.96,11.34,1,0,1
1768497265.679,0.58,5.80,-0.08,4.21,6.28,0.13,2.15,5.30,0.27,1.93,15.21,1,0,1
1768497266.179,0.58,5.80,-0.18,4.20,6.19,0.11,2.15,5.30,0.27,2.81,2.20,0,0,1
1768497266.679,0.59,5.79,-0.22,4.49,6.21,0.11,2.15,5.30,0.27,8.70,3.78,1,0,1
1768497267.179,0.61,5.79,-0.26,4.78,6.13,0.08,2.15,5.30,0.27,4.22,4.13,1,0,1
1768497267.679,0.64,5.78,-0.28,4.79,6.09,0.08,2.15,5.30,0.27,8.35,8.09,0,0,1
1768497268.179,0.71,5.76,-0.29,4.79,6.09,0.08,2.15,5.30,0.27,6.86,7.73,0,0,0
1768497268.679,0.79,5.74,-0.29,4.79,6.09,0.08,2.15,5.30,0.27,6.86,6.77,0,0,0
1768497269.181,0.92,5.70,-0.31,4.79,6.09,0.08,2.15,5.30,0.27,6.77,6.06,0,0,0
1768497269.679,1.01,5.67,-0.30,4.79,6.09,0.08,2.15,5.30,0.27,6.77,6.15,0,0,0
1768497270.179,1.15,5.63,-0.31,4.79,6.09,0.08,2.15,5.30,0.27,6.77,6.15,0,0,0
1768497270.679,1.23,5.60,-0.31,4.79,6.09,0.08,2.15,5.30,0.27,6.77,6.15,0,0,0
1768497271.179,1.35,5.56,-0.31,4.79,6.09,0.08,2.15,5.30,0.27,6.77,6.15,0,0,0
1768497271.679,1.44,5.54,-0.32,4.79,6.09,0.08,2.15,5.30,0.27,6.77,6.15,0,0,0
1768497272.179,1.56,5.50,-0.31,4.79,6.09,0.08,2.15,5.30,0.27,6.77,6.15,0,0,0
1768497272.679,1.64,5.48,-0.31,4.79,6.09,0.08,2.15,5.30,0.27,6.77,6.15,0,0,0
1768497273.179,1.76,5.44,-0.31,4.79,6.09,0.08,2.15,5.30,0.27,6.77,6.15,0,0,0
1768497273.679,1.83,5.42,-0.31,4.79,6.09,0.08,2.15,5.30,0.27,6.77,6.15,0,0,0
1768497274.179,1.94,5.38,-0.34,4.79,6.09,0.08,2.15,5.30,0.27,6.86,6.15,0,0,0
1768497274.679,2.01,5.36,-0.36,4.79,6.09,0.08,2.15,5.30,0.27,6.86,6.24,0,0,0
1768497275.179,2.08,5.34,-0.33,4.79,6.09,0.08,2.15,5.30,0.27,6.86,6.24,0,0,0
1768497275.679,2.13,5.33,-0.14,4.84,5.86,0.19,2.15,5.30,0.27,6.86,6.24,1,0,1
1768497276.179,2.23,5.32,0.22,4.65,6.33,0.39,3.26,5.75,0.39,6.86,6.24,1,0,1
1768497276.679,2.26,5.32,0.32,4.79,6.13,0.31,3.26,5.75,0.39,6.86,6.24,1,0,1
1768497277.179,2.28,5.33,0.34,4.70,6.36,0.41,3.26,5.75,0.39,6.86,6.15,1,0,1
1768497277.680,2.28,5.33,0.34,4.81,6.10,0.30,3.26,5.75,0.39,6.86,6.15,1,0,1
1768497278.179,2.28,5.33,0.36,4.65,6.34,0.40,3.26,5.75,0.39,6.86,6.15,1,0,1
1768497278.679,2.29,5.33,0.38,4.66,6.31,0.39,3.26,5.75,0.39,6.86,6.15,0,0,1
1768497279.179,2.32,5.35,0.39,4.64,6.34,0.41,3.26,5.75,0.39,6.77,6.15,0,0,1
1768497279.679,2.35,5.36,0.40,4.66,6.34,0.40,3.26,5.75,0.39,6.86,6.15,0,0,1
1768497280.179,2.43,5.39,0.40,4.66,6.33,0.40,3.26,5.75,0.39,6.86,6.15,0,0,1
1768497280.679,2.49,5.42,0.41,4.66,6.34,0.40,3.26,5.75,0.39,6.86,6.15,0,0,1
1768497281.179,2.59,5.47,0.40,4.65,6.33,0.40,3.26,5.75,0.39,6.86,6.15,0,0,1
1768497281.679,2.65,5.49,0.41,4.71,6.35,0.39,5.05,5.51,0.39,6.86,6.15,0,0,1
1768497282.179,2.76,5.54,0.41,4.65,6.35,0.41,5.05,5.51,0.39,6.77,6.15,0,0,1
1768497282.680,2.83,5.57,0.40,4.64,6.35,0.41,5.05,5.51,0.39,6.86,6.15,0,0,1
1768497283.179,2.83,5.57,0.41,4.66,6.33,0.39,5.05,5.51,0.39,6.86,6.15,0,0,1
1768497283.679,2.84,5.57,0.31,4.66,6.35,0.41,5.05,5.51,0.39,6.86,6.15,0,0,1
1768497284.179,2.83,5.57,0.14,4.69,6.21,0.33,5.05,5.51,0.39,6.86,6.15,1,0,1
1768497284.679,2.83,5.57,0.08,4.81,6.07,0.25,5.05,5.51,0.39,6.86,6.24,1,0,1
1768497285.179,2.85,5.57,0.02,4.68,6.20,0.33,5.05,5.51,0.39,6.86,6.15,1,0,1
1768497285.679,2.87,5.57,-0.00,4.69,6.20,0.33,5.05,5.51,0.39,6.77,6.15,0,0,1
1768497286.179,2.94,5.57,-0.01,4.81,6.09,0.27,5.05,5.51,0.39,6.77,6.06,1,0,1
1768497286.679,3.01,5.57,-0.02,4.82,6.10,0.29,5.05,5.51,0.39,6.77,6.06,0,0,1
1768497287.179,3.11,5.57,-0.02,4.80,6.07,0.29,5.05,5.51,0.39,6.77,6.15,0,0,1
1768497287.679,3.21,5.56,-0.03,4.82,6.10,0.32,5.05,5.51,0.39,6.77,6.24,0,0,1
1768497288.179,3.39,5.56,-0.03,4.82,6.10,0.32,5.05,5.51,0.39,6.77,6.24,0,0,0
1768497288.679,3.53,5.56,-0.03,4.82,6.10,0.32,5.05,5.51,0.39,6.77,6.24,0,0,0
1768497289.179,3.74,5.55,-0.03,4.82,6.10,0.32,5.05,5.51,0.39,6.77,6.15,0,0,0
1768497289.679,3.90,5.55,-0.03,4.82,6.10,0.32,5.05,5.51,0.39,6.86,6.15,0,0,0
1768497290.179,4.04,5.55,-0.04,4.82,6.10,0.32,5.05,5.51,0.39,6.77,6.24,0,0,0
1768497290.680,4.14,5.54,-0.03,4.82,6.10,0.32,5.05,5.51,0.39,6.77,6.24,0,0,0
1768497291.179,4.28,5.53,-0.04,4.82,6.10,0.32,5.05,5.51,0.39,6.86,6.24,0,0,0
1768497291.680,4.36,5.53,-0.04,4.82,6.10,0.32,5.05,5.51,0.39,6.77,6.24,0,0,0
1768497292.179,4.49,5.53,-0.03,4.82,6.10,0.32,5.05,5.51,0.39,6.86,6.24,0,0,0
1768497292.679,4.59,5.53,-0.02,4.82,6.10,0.32,5.05,5.51,0.39,6.86,6.15,0,0,0
1768497293.179,4.70,5.53,-0.02,4.82,6.10,0.32,5.05,5.51,0.39,6.86,6.15,0,0,0
1768497293.679,4.78,5.53,-0.01,4.82,6.10,0.32,5.05,5.51,0.39,6.77,6.24,0,0,0
1768497294.179,4.90,5.53,-0.01,4.82,6.10,0.32,5.05,5.51,0.39,6.77,6.24,0,0,0
1768497294.679,4.95,5.53,-0.01,4.82,6.10,0.32,5.05,5.51,0.39,6.77,6.24,0,0,0
1768497295.179,5.00,5.53,-0.01,4.82,6.10,0.32,5.05,5.51,0.39,6.86,6.24,0,0,0
1768497295.679,5.01,5.53,-0.00,4.82,6.10,0.32,5.05,5.51,0.39,6.86,6.24,0,0,0
1768497296.179,5.00,5.52,0.21,4.82,6.10,0.32,5.05,5.51,0.39,6.86,6.15,0,0,0
1768497296.679,5.00,5.53,0.27,4.82,6.10,0.32,5.05,5.51,0.39,6.77,6.15,0,0,0
1768497297.179,5.00,5.52,0.30,4.82,6.10,0.32,5.05,5.51,0.39,6.86,8.61,0,0,0
1768497297.679,5.00,5.53,0.30,4.82,6.10,0.32,5.05,5.51,0.39,1.05,9.84,0,0,0
1768497298.179,5.01,5.53,0.30,4.82,6.10,0.32,5.05,5.51,0.39,0.26,14.94,0,0,0
1768497298.679,5.01,5.53,0.30,4.82,6.10,0.32,5.05,5.51,0.39,6.24,5.80,0,0,0
1768497299.179,5.01,5.53,0.30,4.82,6.10,0.32,5.05,5.51,0.39,3.78,30.41,0,0,0
1768497299.679,5.01,5.53,0.30,4.82,6.10,0.32,5.05,5.51,0.39,3.34,5.36,0,0,0
1768497300.179,5.00,5.53,0.30,4.82,6.10,0.32,5.05,5.51,0.39,0.26,17.58,0,0,0
1768497300.679,5.01,5.53,0.30,4.82,6.10,0.32,5.05,5.51,0.39,5.80,0.18,0,0,0
1768497301.179,5.00,5.53,0.30,4.82,6.10,0.32,5.05,5.51,0.39,15.56,19.34,0,0,0
1768497301.679,5.00,5.53,0.30,4.82,6.10,0.32,5.05,5.51,0.39,1.58,19.60,0,0,0
1768497302.179,5.00,5.53,0.28,4.82,6.10,0.32,5.05,5.51,0.39,15.73,0.26,0,0,0
1768497302.679,5.00,5.53,0.29,4.82,6.10,0.32,5.05,5.51,0.39,17.14,12.04,0,0,0
1768497303.179,4.99,5.53,0.15,4.82,6.10,0.32,5.05,5.51,0.39,13.10,40.34,0,0,0
1768497303.680,4.94,5.53,-0.17,4.82,6.10,0.32,5.05,5.51,0.39,22.76,3.69,0,0,0
1768497304.179,4.84,5.58,-0.80,4.82,6.10,0.32,5.05,5.51,0.39,0.18,11.16,0,0,0
1768497304.679,4.80,5.64,-1.16,5.36,2.90,-1.37,5.06,4.37,-1.37,6.50,19.95,1,0,1
1768497305.179,4.79,5.69,-1.45,4.98,2.76,-1.51,5.06,4.37,-1.37,13.62,10.90,1,0,1
1768497305.679,4.80,5.67,-1.38,4.86,2.37,-1.55,5.06,4.37,-1.37,6.24,6.24,1,0,1
1768497306.179,4.79,5.69,-1.42,5.14,2.52,-1.46,5.06,4.37,-1.37,7.47,7.29,1,0,1
1768497306.679,4.79,5.69,-1.46,5.07,2.51,-1.48,5.06,4.37,-1.37,7.47,7.29,0,0,1
1768497307.179,4.79,5.69,-1.43,5.12,2.50,-1.47,5.06,4.37,-1.37,7.47,7.29,0,0,1
1768497307.679,4.79,5.69,-1.43,5.10,2.40,-1.48,5.06,4.37,-1.37,7.47,7.29,1,0,1
1768497308.179,4.79,5.69,-1.43,5.10,2.44,-1.48,5.06,4.37,-1.37,7.47,7.29,0,0,1
1768497308.679,4.79,5.69,-1.43,5.12,2.42,-1.47,5.06,4.37,-1.37,7.47,7.29,0,0,1
1768497309.179,4.79,5.69,-1.43,5.10,2.51,-1.48,5.06,4.37,-1.37,7.47,7.29,0,0,1
1768497309.679,4.79,5.69,-1.43,5.10,2.51,-1.47,5.06,4.37,-1.37,7.47,7.29,0,0,1
1768497310.179,4.79,5.69,-1.43,5.10,2.51,-1.47,4.20,2.43,-1.47,7.47,7.29,0,0,1
1768497310.679,4.79,5.69,-1.43,5.09,2.45,-1.48,4.20,2.43,-1.47,7.47,7.29,0,0,1
1768497311.179,4.79,5.69,-1.43,5.12,2.43,-1.47,4.20,2.43,-1.47,7.47,7.29,0,0,1
1768497311.679,4.79,5.69,-1.43,5.09,2.37,-1.48,4.20,2.43,-1.47,7.47,7.29,0,0,1
1768497312.179,4.78,5.69,-1.58,5.18,2.49,-1.45,4.20,2.43,-1.47,7.56,7.29,1,0,1
1768497312.679,4.79,5.69,-1.63,5.08,2.49,-1.48,4.20,2.43,-1.47,7.56,7.29,1,0,1
1768497313.179,4.79,5.67,-1.69,5.12,2.50,-1.47,4.20,2.43,-1.47,7.47,7.29,0,0,1
1768497313.679,4.79,5.64,-1.72,4.97,2.51,-1.51,4.20,2.43,-1.47,7.56,7.29,1,0,1
1768497314.179,4.78,5.58,-1.74,4.88,2.38,-1.54,4.20,2.43,-1.47,7.47,7.29,1,0,1
1768497314.679,4.77,5.54,-1.74,4.87,2.38,-1.54,4.20,2.43,-1.47,7.47,7.29,0,0,1
1768497315.179,4.75,5.43,-1.75,4.88,2.39,-1.53,4.20,2.43,-1.47,7.47,7.29,0,0,1
1768497315.679,4.73,5.34,-1.75,5.09,2.49,-1.45,4.20,2.43,-1.47,7.47,7.29,1,0,1
1768497316.179,4.71,5.17,-1.75,5.10,2.43,-1.43,4.20,2.43,-1.47,7.47,7.29,0,0,1
1768497316.679,4.68,5.02,-1.75,4.98,2.54,-1.45,4.20,2.43,-1.47,7.47,7.29,1,0,1
1768497317.179,4.64,4.81,-1.75,4.96,2.51,-1.43,4.20,2.43,-1.47,7.47,7.29,0,0,1
1768497317.679,4.62,4.66,-1.76,4.96,2.47,-1.42,4.20,2.43,-1.47,7.47,7.29,0,0,1
1768497318.179,4.59,4.45,-1.76,4.90,2.40,-1.42,4.20,2.43,-1.47,7.47,7.29,0,0,1
1768497318.679,4.56,4.30,-1.76,4.90,2.40,-1.42,4.20,2.43,-1.47,7.56,7.29,0,0,0
1768497319.179,4.52,4.06,-1.76,4.90,2.40,-1.42,4.20,2.43,-1.47,7.47,7.29,0,0,0
1768497319.679,4.49,3.89,-1.77,4.90,2.40,-1.42,4.20,2.43,-1.47,7.47,7.29,0,0,0
1768497320.179,4.45,3.65,-1.76,4.90,2.40,-1.42,4.20,2.43,-1.47,7.47,7.29,0,0,0
1768497320.679,4.43,3.53,-1.76,4.90,2.40,-1.42,4.20,2.43,-1.47,7.47,7.29,0,0,0
1768497321.179,4.40,3.38,-1.76,4.90,2.40,-1.42,4.20,2.43,-1.47,7.56,7.29,0,0,0
1768497321.679,4.39,3.29,-1.76,4.90,2.40,-1.42,4.20,2.43,-1.47,7.56,7.29,0,0,0
1768497322.179,4.36,3.15,-1.77,4.90,2.40,-1.42,4.20,2.43,-1.47,7.47,7.29,0,0,0
1768497322.679,4.34,3.05,-1.77,4.90,2.40,-1.42,4.20,2.43,-1.47,7.47,7.29,0,0,0
1768497323.179,4.31,2.93,-1.77,4.90,2.40,-1.42,4.20,2.43,-1.47,7.47,7.29,0,0,0
1768497323.679,4.30,2.86,-1.77,4.90,2.40,-1.42,4.20,2.43,-1.47,7.47,7.29,0,0,0
1768497324.179,4.28,2.74,-1.77,4.90,2.40,-1.42,4.20,2.43,-1.47,7.47,7.29,0,0,0
1768497324.679,4.26,2.67,-1.77,4.90,2.40,-1.42,4.20,2.43,-1.47,7.47,7.29,0,0,0
1768497325.179,4.24,2.55,-1.76,4.90,2.40,-1.42,4.20,2.43,-1.47,7.47,7.29,0,0,0
1768497325.679,4.24,2.50,-1.76,4.90,2.40,-1.42,4.20,2.43,-1.47,7.47,7.29,0,0,0
1768497326.179,4.23,2.46,-1.77,4.90,2.40,-1.42,4.20,2.43,-1.47,7.47,7.29,0,0,0
1768497326.679,4.23,2.47,-1.67,4.90,2.40,-1.42,4.20,2.43,-1.47,7.47,7.29,0,0,0
1768497327.179,4.23,2.47,-1.59,4.90,2.40,-1.42,4.20,2.43,-1.47,7.47,7.29,0,0,0
1768497327.679,4.23,2.47,-1.56,4.90,2.40,-1.42,4.20,2.43,-1.47,7.56,7.29,0,0,0
1768497328.179,4.23,2.47,-1.57,4.90,2.40,-1.42,4.20,2.43,-1.47,7.56,7.29,0,0,0
1768497328.679,4.23,2.47,-1.57,4.90,2.40,-1.42,4.20,2.43,-1.47,7.56,7.29,0,0,0
1768497329.180,4.23,2.47,-1.57,4.90,2.40,-1.42,4.20,2.43,-1.47,7.56,7.29,0,0,0
1768497329.679,4.23,2.47,-1.57,4.90,2.40,-1.42,4.20,2.43,-1.47,7.56,7.29,0,0,0
1768497330.179,4.23,2.47,-1.57,4.90,2.40,-1.42,4.20,2.43,-1.47,7.47,7.29,0,0,0
1768497330.679,4.23,2.47,-1.57,4.90,2.40,-1.42,4.20,2.43,-1.47,7.47,7.29,0,0,0
1768497331.179,4.23,2.46,-1.58,4.90,2.40,-1.42,4.20,2.43,-1.47,7.47,7.29,0,0,0
1768497331.679,4.23,2.46,-1.57,4.90,2.40,-1.42,4.20,2.43,-1.47,7.47,7.21,0,0,0
1768497332.179,4.23,2.46,-1.57,4.90,2.40,-1.42,4.20,2.43,-1.47,7.56,8.35,0,0,0
